Date;Isolation;Muscu;Stretching;warmup;Chorée;Temps;Chorée_1;Temps_2;Chorée_3;Temps_4;Style;Temps_5;Style_6;Temps_7;Autre;Chorée_8;Temps_9;Chorée_10;Temps_11;Abdos;Gainage;Jambes;Bras;All;Escalade;Waacking;running_temps;running_km;Pleurs;Raisons;Column1;_12;Règles;SPM;Durée;Détails;Mood;Journaling;Stretching2;Danse;Sport;Lecture;Album;Film;Rangement;Culture;Art;Skincare;Compétence;Split stretching;Muscu3
01/01/2024;FAUX;FAUX;FAUX;;;;;;;;;;;;;;;;;;;;;;;;;;;;;;FAUX;FAUX;;;4;1;1;1;0;1;1;1;;0;;;;;
02/01/2024;FAUX;FAUX;FAUX;;;;;;;;;;;;;;;;;;;;;;;;;;;;;;FAUX;FAUX;;;3;1;1;1;0;0;1;1;;1;;;;;
03/01/2024;FAUX;FAUX;FAUX;;;;;;;;;;;;;;;;;;;;;;;;;;;;;;FAUX;FAUX;;;2;1;1;1;0;1;1;1;;1;;;;;
04/01/2024;FAUX;FAUX;FAUX;;;;;;;;;;;;;;;;;;;;;;;;;;;;;;FAUX;FAUX;;;3;1;1;1;0;1;1;0;;1;;;;;
05/01/2024;FAUX;FAUX;FAUX;;;;;;;;;;;;;;;;;;;;;;;;;;;;;;FAUX;FAUX;;;3;1;1;1;0;1;0;1;;0;;;;;
06/01/2024;FAUX;FAUX;FAUX;;;;;;;;;;;;;;;;;;;;;;;;;;3;Film/vidéo;Musique;;VRAI;FAUX;5min;;3;0;0;0;0;0;0;1;;0;;;;;
07/01/2024;FAUX;FAUX;FAUX;;;;;;;;;;;;;;;;;;;;;;;;;;1;Film/vidéo;;;VRAI;FAUX;5 min;;1;0;1;0;0;1;0;0;;0;;;;;
08/01/2024;FAUX;FAUX;FAUX;;;;;;;;;;;;;;;;;;;;;;;;;;;;;;FAUX;FAUX;;;6;0;1;1;1;1;1;0;;0;;;;;
09/01/2024;FAUX;FAUX;FAUX;;;;;;;;;;;;;;;;;;;;;;;;;;;;;;FAUX;FAUX;;;2;0;1;0;0;1;1;1;;1;;;;;
10/01/2024;FAUX;FAUX;FAUX;;;;;;;;;;;;;;;;;;;;;;;;;;;;;;FAUX;FAUX;;;2;0;1;1;1;1;1;1;;0;1;;;;
11/01/2024;FAUX;FAUX;FAUX;;;;;;;;;;;;;;;;;;;;;;;;;;1;Film/vidéo;;;FAUX;FAUX;5min;;2;0;1;1;1;0;1;1;;1;1;;;;
12/01/2024;FAUX;FAUX;FAUX;;;;;;;;;;;;;;;;;;;;;;;;;;;;;;FAUX;FAUX;;;2;1;1;1;0;1;0;1;;0;1;;;;
13/01/2024;FAUX;FAUX;FAUX;;;;;;;;;;;;;;;;;;;;;;;;;;3;Solitude;Musique;;FAUX;FAUX;Très courts pour chaque (juste quelques sanglots);;1;0;1;0;0;1;0;1;;0;0;;;;
14/01/2024;FAUX;FAUX;FAUX;;;;;;;;;;;;;;;;;;;;;;;;;;;;;;FAUX;FAUX;;;1;0;1;1;1;0;1;1;;0;1;;;;
15/01/2024;FAUX;FAUX;FAUX;;;;;;;;;;;;;;;;;;;;;;;;;;;;;;FAUX;FAUX;;;2;0;1;1;1;1;1;1;;0;1;;;;
16/01/2024;FAUX;FAUX;FAUX;;;;;;;;;;;;;;;;;;;;;;;;;;;;;;FAUX;FAUX;;;2;0;1;1;1;0;1;0;;0;1;;;;
17/01/2024;FAUX;FAUX;FAUX;;;;;;;;;;;;;;;;;;;;;;;;;;2;Musique;Ma propre imagination ???;;FAUX;FAUX;15 min;1min;3;1;1;1;1;1;1;0;;0;1;;;;
18/01/2024;FAUX;FAUX;FAUX;;;;;;;;;;;;;;;;;;;;;;;;;;;;;;FAUX;FAUX;;;2;0;1;1;0;0;1;1;;0;1;;;;
19/01/2024;FAUX;FAUX;FAUX;;;;;;;;;;;;;;;;;;;;;;;;;;2;Film/vidéo;;;FAUX;FAUX;15MIN;;2;0;1;1;0;0;0;1;;0;1;;;;
20/01/2024;FAUX;FAUX;FAUX;;;;;;;;;;;;;;;;;;;;;;;;;;;;;;FAUX;FAUX;;;1;0;1;1;1;0;1;0;;0;1;;;;
21/01/2024;FAUX;FAUX;FAUX;;;;;;;;;;;;;;;;;;;;;;;;;;1;Musique;;;FAUX;FAUX;2min;;2;0;1;1;1;1;1;1;;0;1;;;;
22/01/2024;FAUX;FAUX;FAUX;;;;;;;;;;;;;;;;;;;;;;;;;;;;;;FAUX;FAUX;;;3;0;1;1;1;0;0;1;;0;0;;;;
23/01/2024;FAUX;FAUX;FAUX;;;;;;;;;;;;;;;;;;;;;;;;;;;;;;FAUX;FAUX;;;2;0;1;1;1;0;1;0;;0;1;;;;
24/01/2024;FAUX;FAUX;FAUX;;;;;;;;;;;;;;;;;;;;;;;;;;;;;;FAUX;FAUX;;;4;0;1;1;0;0;1;1;;0;0;;;;
25/01/2024;FAUX;FAUX;FAUX;;;;;;;;;;;;;;;;;;;;;;;;;;;;;;FAUX;FAUX;;;2;0;1;0;0;0;0;1;;0;0;;;;
26/01/2024;FAUX;FAUX;FAUX;;;;;;;;;;;;;;;;;;;;;;;;;;;;;;FAUX;FAUX;;;1;0;1;0;0;0;0;0;;0;0;;;;
27/01/2024;FAUX;FAUX;FAUX;;;;;;;;;;;;;;;;;;;;;;;;;;3;Fatigue;Overwhelmed;;FAUX;VRAI;5 min chaque;;3;0;1;0;0;1;0;1;;0;0;;;;
28/01/2024;FAUX;FAUX;FAUX;;;;;;;;;;;;;;;;;;;;;;;;;;2;Fatigue;Angoisse;Overwhelmed;FAUX;VRAI;1h chaque;chez amina, trop de monde + en panique parce que j'avais l'impression que manon trompais son mec;2;0;1;0;0;1;0;0;;0;0;;;;
29/01/2024;FAUX;FAUX;FAUX;;;;;;;;;;;;;;;;;;;;;;;;;;;;;;FAUX;FAUX;;;3;0;1;1;1;0;0;0;;0;0;;;;
30/01/2024;FAUX;FAUX;FAUX;;;;;;;;;;;;;;;;;;;;;;;;;;;;;;FAUX;FAUX;;;2;0;1;1;1;0;1;0;;0;1;;;;
31/01/2024;FAUX;FAUX;FAUX;;;;;;;;;;;;;;;;;;;;;;;;;;;;;;FAUX;FAUX;;;1;0;1;1;0;0;0;1;;1;0;;;;
01/02/2024;FAUX;FAUX;FAUX;;;;;;;;;;;;;;;;;;;;;;;;;;1;Film/vidéo;;;VRAI;FAUX;1 SEC;;2;0;1;0;0;0;0;0;0;0;0;;;;
02/02/2024;FAUX;FAUX;FAUX;;;;;;;;;;;;;;;;;;;;;;;;;;1;Musique;;;VRAI;FAUX;1 sec;;2;0;1;1;0;0;0;1;0;0;1;;;;
03/02/2024;FAUX;FAUX;FAUX;;;;;;;;;;;;;;;;;;;;;;;;;;;;;;FAUX;FAUX;;;1;0;1;1;1;0;0;1;1;0;0;;;;
04/02/2024;FAUX;FAUX;FAUX;;;;;;;;;;;;;;;;;;;;;;;;;;1;Film/vidéo;;;FAUX;FAUX;1 min;;3;0;1;1;0;0;0;1;1;0;0;;;;
05/02/2024;FAUX;FAUX;FAUX;;;;;;;;;;;;;;;;;;;;;;;;;;;;;;FAUX;FAUX;;;2;0;1;1;1;0;0;1;1;0;1;;;;
06/02/2024;FAUX;FAUX;FAUX;;Viviz - Maniac;30;;;;;;;;;;;;;;;;;;;;;;;;;;;FAUX;FAUX;;;4;0;1;1;0;0;1;0;0;1;1;;;;
07/02/2024;FAUX;FAUX;FAUX;;Viviz - Maniac;40;;;;;;;;;;;;;;;;;;;;;;;;;;;FAUX;FAUX;;;3;0;1;1;0;0;1;0;0;0;0;;;;
08/02/2024;FAUX;FAUX;FAUX;;;;;;;;;;;;;;;;;;;;;;;;;;1;Musique;Fatigue;;FAUX;FAUX;20min;;4;0;1;0;0;0;1;0;0;0;0;;;;
09/02/2024;FAUX;FAUX;FAUX;;;;;;;;;;;;;;;;;;;;;;;;;;;;;;FAUX;FAUX;;;2;0;1;0;0;0;0;1;0;0;0;;;;
10/02/2024;FAUX;FAUX;FAUX;;Viviz - Maniac;35;;;;;;;;;;;;;;;;;;;;;;;;;;;FAUX;FAUX;;;2;0;1;1;0;0;0;0;1;0;0;;;;
11/02/2024;FAUX;FAUX;FAUX;;Viviz - Maniac;30;;;;;;;;;;;;;;;;;;;;;;;;;;;FAUX;FAUX;;;2;0;1;1;0;1;0;0;1;1;0;;;;
12/02/2024;FAUX;FAUX;FAUX;;Viviz - Maniac;25;;;;;;;;;;;;;;;;;;;;;;;;;;;FAUX;FAUX;;;3;0;1;1;1;1;0;0;1;0;0;;;;
13/02/2024;FAUX;FAUX;FAUX;;;;;;;;;;;;;;;;;;;;;;;;;;;;;;FAUX;FAUX;;;3;0;1;0;0;0;1;0;0;0;1;;;;
14/02/2024;FAUX;FAUX;FAUX;;;;;;;;;;;;;;;;;;;;;;;;;;;;;;FAUX;FAUX;;;2;0;1;1;0;0;1;0;1;1;0;;;;
15/02/2024;FAUX;FAUX;FAUX;;Viviz - Maniac;23;;;;;;;;;;;;;;;;;;;;;;;;;;;FAUX;FAUX;;;1;0;1;1;0;0;0;0;0;0;0;;;;
16/02/2024;VRAI;FAUX;FAUX;;Viviz - Maniac;25;Meghan Trainor - NO;15;;;;;;;;;;;;;;;;;;;;;;;;;FAUX;FAUX;;;1;0;1;1;1;1;0;0;0;0;1;;;;
17/02/2024;VRAI;FAUX;FAUX;;Viviz - Maniac;15;Meghan Trainor - NO;12;;;;;;;;;;;;;;;;;;;;;;;;;FAUX;FAUX;;;2;0;1;1;1;1;0;1;0;0;1;;;;
18/02/2024;VRAI;FAUX;FAUX;;Viviz - Maniac;53;;;;;;;;;;;;;;;;;;;;;;;2;Film/vidéo;;;FAUX;FAUX;gros sanglots / 30 min;;1;0;1;1;0;1;0;1;1;0;0;;;;
19/02/2024;FAUX;FAUX;FAUX;;Taemin - Guilty;30;;;;;;;;;;;;;;;;;;;;;;;;;;;FAUX;FAUX;;;3;1;1;1;1;0;1;0;1;1;0;;;;
20/02/2024;FAUX;FAUX;FAUX;;Taemin - Guilty;10;;;;;;;;;;;;;;;;;;;;;;;2;Film/vidéo;;;FAUX;VRAI;gros sanglots / 30 min;;2;1;1;1;0;0;1;1;0;1;0;;;;
21/02/2024;FAUX;FAUX;FAUX;;Meghan Trainor - NO;8;Taemin - Guilty;24;;;;;;;;;;;;;;;;;;;;;;;;;FAUX;FAUX;;;2;0;1;1;1;0;1;0;1;1;0;;;;
22/02/2024;FAUX;FAUX;FAUX;;;;;;;;;;;;;;;;;;;;;;;;;;;;;;FAUX;FAUX;;;2;0;1;0;0;0;0;0;1;0;1;;;;
23/02/2024;FAUX;FAUX;FAUX;;Meghan Trainor - NO;25;;;;;;;;;;;;;;;;;;;;;;;1;Film/vidéo;;;FAUX;VRAI;30s;;2;0;1;1;1;0;0;0;0;0;0;;;;
24/02/2024;FAUX;FAUX;FAUX;;Meghan Trainor - NO;7;;;;;;;;;;;;;;;;;;;;;;;;;;;FAUX;FAUX;;;1;0;1;1;0;0;0;0;0;0;0;;;;
25/02/2024;FAUX;FAUX;FAUX;;Meghan Trainor - NO;26;Taemin - Guilty;16;KOF - Nobody knows;14;;;;;;;;;;;;;;;;;;;1;Overthinking;Solitude;;VRAI;FAUX;1 larme;;1;0;1;1;0;0;0;1;0;0;0;;;;
26/02/2024;FAUX;FAUX;VRAI;;KOF - Nobody knows;129;;;;;;;;;;;;;;;;;;;;;;;;;;;FAUX;FAUX;;;2;0;1;1;1;0;0;1;1;0;0;;;;
27/02/2024;FAUX;FAUX;VRAI;;Jungkook - 3D;151;KOF - Nobody knows;5;;;;;;;;;;;;;;;;;;;;;1;Film/vidéo;;;VRAI;FAUX;10 s;;2;0;1;1;1;0;0;1;0;0;1;;;;
28/02/2024;FAUX;FAUX;FAUX;;Somi - Fast Forward;77;Jungkook - 3D;5;;;;;;;;;;;;;;;;;;;;;1;Solitude;;;VRAI;FAUX;1 larme;;4;0;1;1;1;0;0;1;1;0;1;;;;
29/02/2024;FAUX;FAUX;FAUX;;Enhypen - Fever;61;Jungkook - 3D;4;Somi - Fast Forward;6;;;;;;;;;;;;;;;;;;;;;;;FAUX;FAUX;;;2;0;1;1;1;0;0;0;1;0;1;;;;
01/03/2024;VRAI;FAUX;FAUX;;Enhypen - Fever;15;Somi - Fast Forward;33;;;;;;;;;;;;;;;;;;;;;1;Film/vidéo;;;FAUX;FAUX;15 min;;2;0;1;1;1;1;0;0;;0;1;1;0;0;0
02/03/2024;VRAI;FAUX;FAUX;;KOF - Nobody knows;10;Somi - Fast Forward;3;Enhypen - Fever;4;;;;;;;;;;;;;;;;;;;1;Film/vidéo;;;FAUX;FAUX;1 min;;2;1;1;1;1;1;0;0;;0;1;1;0;0;0
03/03/2024;VRAI;FAUX;FAUX;;Taemin - Guilty;20;KOF - Nobody knows;21;Jungkook - 3D;27;;;;;;;;;;;;;;;;;;;;;;;FAUX;FAUX;;;2;1;1;1;1;0;0;0;;0;0;1;0;0;0
04/03/2024;VRAI;FAUX;FAUX;;Somi - Fast Forward;27;KOF - Nobody knows;26;;;;;;;;;;;;;;;;;;;;;1;Film/vidéo;;;FAUX;FAUX;2 / 3 min;;2;1;1;1;1;1;0;0;;0;1;1;0;0;0
05/03/2024;FAUX;FAUX;FAUX;;Jungkook - 3D;7;Enhypen - Fever;10;;;;;;;;;;;;;;;;;;;;;;;;;FAUX;FAUX;;;2;0;1;1;0;0;0;0;0;0;1;1;1;0;0
06/03/2024;FAUX;FAUX;FAUX;;Taemin - Guilty;15;Enhypen - Fever;10;;;;;;;;;;;;;;;;;;;;;;;;;FAUX;FAUX;;;3;0;1;1;0;0;0;0;;0;0;1;1;0;0
07/03/2024;FAUX;FAUX;FAUX;;;;;;;;;;;;;;;;;;;;;;;;;;;;;;FAUX;FAUX;;;3;0;1;0;0;0;0;0;;0;0;1;1;0;0
08/03/2024;VRAI;FAUX;FAUX;;Taemin - Guilty;7;Enhypen - Fever;16;Jungkook - 3D;7;;;;;;;;;;;;;;;;;;;;;;;FAUX;FAUX;;;1;0;1;1;1;0;0;0;;0;0;1;0;0;0
09/03/2024;VRAI;FAUX;FAUX;;Twice - Set me free;5;;;;;;;;;;;;;;;;;;;;;;;;;;;FAUX;FAUX;;;2;0;1;1;0;0;0;0;;0;1;1;0;0;0
10/03/2024;FAUX;FAUX;FAUX;;Taemin - Guilty;25;Enhypen - Fever;40;;;;;;;;;;;;;;;;;;;;;1;Film/vidéo;;;FAUX;FAUX;1 SEC;;3;0;1;1;0;0;0;0;0;0;1;1;0;0;0
11/03/2024;FAUX;FAUX;FAUX;;NMIXX - LoveMe;52;;;;;;;;;;;;;;;;;;;;;;;;;;;FAUX;FAUX;;;3;1;1;1;1;1;0;0;;0;0;1;0;0;0
12/03/2024;FAUX;FAUX;VRAI;;NMIXX - LoveMe;5;Itzy - Break my heart;32;;;;;;;;;;;;;;;;;;;;;;;;;FAUX;FAUX;;;4;0;1;1;0;0;0;0;;0;1;1;0;1;0
13/03/2024;VRAI;FAUX;VRAI;;NMIXX - LoveMe;23;Itzy - Break my heart;18;Jungkook - 3D;2;;;;;;;;;;;;;;;;;;;;;;;FAUX;FAUX;;;2;0;1;1;0;1;0;0;;0;0;1;1;1;0
14/03/2024;VRAI;FAUX;VRAI;;Itzy - Break my heart;10;;;;;;;;;;;;;;;;;;;;;;;2;Solitude;;;FAUX;FAUX;2 fois moins d'une minut;;3;0;1;1;0;0;0;0;0;0;0;1;1;1;0
15/03/2024;FAUX;FAUX;FAUX;;Itzy - Break my heart;15;Jungkook - 3D;10;NMIXX - LoveMe;6;;;;;;;;;;;;;;;;;;;;;;;FAUX;FAUX;;;2;0;1;1;0;1;0;0;;0;0;1;0;;0
16/03/2024;FAUX;FAUX;VRAI;;Jungkook - 3D;25;NMIXX - LoveMe;14;Mario;10;;;;;;;;;;;;;;;;;;;;;;;FAUX;FAUX;;;1;0;1;1;0;1;0;0;;0;0;1;0;1;0
17/03/2024;FAUX;FAUX;VRAI;;Itzy - Break my heart;4;SKZ - Thunderous;25;;;;;;;;;;;;;;;;;;;;;;;;;FAUX;FAUX;;;2;1;1;1;0;0;0;0;;0;0;1;0;1;0
18/03/2024;FAUX;FAUX;FAUX;;Itzy - Break my heart;13;Mario;7;SKZ - Thunderous;7;;;;;;;;;;;;;;;;;;;1;Film/vidéo;;;FAUX;VRAI;;;4;0;1;1;0;1;0;0;;0;1;1;0;;0
19/03/2024;FAUX;FAUX;FAUX;;;;;;;;;;;;;;;;;;;;;;;;;;;;;;FAUX;FAUX;;;4;0;1;0;0;0;0;0;;0;0;1;0;0;0
20/03/2024;FAUX;FAUX;FAUX;;;;;;;;;;;;;;;;;;;;;;;;;;;;;;FAUX;FAUX;;;1;0;1;0;0;1;0;0;;0;0;1;0;0;0
21/03/2024;FAUX;FAUX;FAUX;;;;;;;;;;;;;;;;;;;;;;;;;;1;Musique;;;FAUX;VRAI;;;2;0;1;0;0;0;0;0;0;0;0;1;0;1;0
22/03/2024;VRAI;FAUX;VRAI;;Itzy - Break my heart;36;SKZ - Thunderous;33;Ariana - God;28;Hiphop;18;Waacking;19;;;;;;;;;;;;;;;;;;;FAUX;FAUX;;;2;0;1;1;0;1;0;0;;0;0;1;0;1;0
23/03/2024;VRAI;FAUX;VRAI;;Ariana - God;17;Chungha - Eenie Meenie;30;;;;;;;;;;;;;;;;;;;;;1;Film/vidéo;;;VRAI;FAUX;1 sec;;2;0;1;1;0;1;0;0;;0;0;1;0;1;0
24/03/2024;FAUX;FAUX;VRAI;;Itzy - Break my heart;18;;;;;;;;;;;;;;;;;;;;;;;1;Livre;;;VRAI;FAUX;1sec;;1;0;1;1;0;1;0;0;;0;1;1;0;1;0
25/03/2024;FAUX;FAUX;FAUX;;SKZ - Thunderous;50;;;;;;;;;;;;;;;;;;;;;;;;;;;FAUX;FAUX;;;4;0;1;1;0;1;0;0;;0;0;0;0;;0
26/03/2024;FAUX;FAUX;VRAI;;SKZ - Thunderous;10;Ariana - God;18;;;Waacking;5;;;;;;;;;;;;;;;;;;;;;FAUX;FAUX;;;2;0;1;1;0;1;0;0;;0;1;1;1;1;0
27/03/2024;FAUX;FAUX;VRAI;;SKZ - Thunderous;11;Ariana - God;11;Chungha - Eenie Meenie;8;Waacking;5;;;;;;;;;;;;;;;;;1;Ma propre imagination ???;Solitude;;FAUX;FAUX;1sec;;2;0;1;1;0;0;0;0;;0;0;1;1;1;0
28/03/2024;FAUX;FAUX;VRAI;;Chungha - Eenie Meenie;16;Ariana - God;15;SKZ - Thunderous;16;Waacking;5;;;16;;;;;;;;;;;;;;;;;;FAUX;FAUX;;;3;0;1;1;0;0;0;0;0;0;1;1;1;1;0
29/03/2024;FAUX;FAUX;FAUX;;SKZ - Thunderous;53;Chungha - Eenie Meenie;12;Ariana - God;12;Waacking;5;;;3;;;;;;;;;;;;;;;;;;FAUX;FAUX;;;2;0;1;1;0;1;0;0;;0;0;1;0;1;0
30/03/2024;FAUX;FAUX;FAUX;;SKZ - Thunderous;15;Ariana - God;10;Chungha - Eenie Meenie;8;;;;;;;;;;;;;;;;;;;;;;;FAUX;FAUX;;;1;0;1;1;0;0;0;0;;0;0;1;0;;0
31/03/2024;FAUX;FAUX;FAUX;;Chungha - Eenie Meenie;7;Ariana - God;8;SKZ - Thunderous;24;;;;;;;;;;;;;;;;;;;1;Film/vidéo;;;FAUX;FAUX;Quelques minutes;;2;0;1;1;0;0;0;0;;0;1;1;0;;0
01/04/2024;FAUX;VRAI;VRAI;;Chungha - Eenie Meenie;14;SKZ - Thunderous;41;Ariana - God;16;;;;;20;GIDLE - Nxde;14;;;;;;;;;;;;;;;;FAUX;FAUX;;;2;1;1;1;0;1;0;0;;0;1;;;1;1
02/04/2024;FAUX;VRAI;VRAI;;GIDLE - Nxde;21;SKZ - Thunderous;14;;;;;;;22;;;;;;;;;;;;;;;;;;FAUX;FAUX;;;2;0;1;1;0;0;0;0;;0;1;;;1;1
03/04/2024;FAUX;VRAI;VRAI;;GIDLE - Nxde;16;Ava Max;15;SKZ - Thunderous;9;;;;;25;;;;;;;;;;;;;;;;;;FAUX;FAUX;;;2;0;1;1;0;0;0;0;;0;0;;;1;1
04/04/2024;FAUX;VRAI;FAUX;;GIDLE - Nxde;29;SKZ - Thunderous;10;Ava Max;15;;;;;8;;;;;;;;;;;;;;;;;;FAUX;FAUX;;;3;0;1;1;0;0;0;0;;0;0;;;;1
05/04/2024;VRAI;FAUX;VRAI;;Ava Max;18;SKZ - Thunderous;24;GIDLE - Nxde;27;;;;;17;;;;;;;;;;;;;;;;;;FAUX;FAUX;;;2;0;1;1;0;0;0;0;0;0;0;;;1;
06/04/2024;FAUX;VRAI;VRAI;;GIDLE - Nxde;43;Ava Max;10;SKZ - Thunderous;9;;;;;13;;;;;;;;;;;;;;;;;;FAUX;FAUX;;;2;1;1;1;0;0;0;0;;0;0;;;1;1
07/04/2024;FAUX;VRAI;FAUX;;Ava Max;11;GIDLE - Nxde;15;SKZ - Thunderous;7;;;;;8;;;;;;;;;;;;;;;;;;FAUX;FAUX;;;1;0;1;1;0;0;0;0;;0;0;;;;1
08/04/2024;FAUX;FAUX;FAUX;;Ava Max;11;GIDLE - Nxde;7;SKZ - Thunderous;11;;;;;120;;;;;;;;;;;;;;3;Angoisse;Film/vidéo;Solitude;FAUX;FAUX;;j'ai remarqué une boule cheloue;5;1;1;1;0;0;0;0;;0;0;;;;
09/04/2024;FAUX;VRAI;VRAI;;Ava Max;7;GIDLE - Nxde;10;SKZ - Thunderous;4;Hiphop;8;;;19;;;;;;;;;;;;;;;;;;FAUX;FAUX;;;3;0;1;1;0;0;0;0;;0;0;;;1;1
10/04/2024;FAUX;VRAI;VRAI;;SKZ - LALALALA;20;GIDLE - Nxde;9;SKZ - Thunderous;7;;;;;15;Ava Max;10;;;;;;;;;;;;;;;;FAUX;FAUX;;;2;1;1;1;0;0;0;0;0;0;1;;;1;1
11/04/2024;FAUX;FAUX;FAUX;;;;;;;;;;;;;;;;;;;;;;;;;;;;;;FAUX;FAUX;;;1;0;1;0;0;0;0;0;;0;1;;;;0
12/04/2024;VRAI;VRAI;FAUX;;GIDLE - Nxde;33;SKZ - Thunderous;26;SKZ - LALALALA;20;Waacking;5;;;21;;;;;;;;;;;;;;1;Film/vidéo;;;FAUX;FAUX;moins d'une minute;;1;1;1;1;0;0;0;0;;0;0;;;0;1
13/04/2024;VRAI;VRAI;VRAI;;GIDLE - Nxde;36;SKZ - Thunderous;30;SKZ - LALALALA;9;;;;;28;KDA - DUM;10;;;;;;;;;;;;;;;;FAUX;FAUX;;;2;1;1;1;0;1;0;0;;0;0;;;1;1
14/04/2024;FAUX;VRAI;VRAI;;KDA - DUM;11;;;;;;;;;22;;;;;;;;;;;;;;1;Film/vidéo;;;FAUX;FAUX;;;1;0;1;1;0;1;0;0;0;0;0;;;1;1
15/04/2024;FAUX;FAUX;FAUX;;KDA - DUM;2;Ava Max;2;KIOF - Midas Touch;29;;;;;120;;;;;;;;;;;;;;;;;;FAUX;FAUX;;;2;0;1;1;0;1;0;0;;0;0;;;;
16/04/2024;FAUX;VRAI;VRAI;;KIOF - Midas Touch;15;Ava Max;13;KDA - DUM;15;;;;;20;;;;;;;;;;;;;;;;;;FAUX;FAUX;;;2;0;1;1;0;0;0;0;;0;0;;;1;1
17/04/2024;FAUX;FAUX;FAUX;;;;;;;;;;;;;;;;;;;;;;;;;;;;;;FAUX;FAUX;;;1;1;1;1;0;0;0;0;;0;0;;;;0
18/04/2024;FAUX;VRAI;FAUX;;KDA - DUM;17;Ava Max;25;KIOF - Midas Touch;11;;;;;11;;;;;;;;;;;;;;;;;;FAUX;FAUX;;;3;0;1;1;0;0;0;0;;0;1;;;0;1
19/04/2024;FAUX;VRAI;FAUX;;KIOF - Midas Touch;7;KDA - DUM;5;Ava Max;9;;;;;47;;;;;;;;;;;;;;1;Film/vidéo;;;VRAI;FAUX;;;2;0;1;1;0;0;0;0;;0;0;;;0;1
20/04/2024;FAUX;FAUX;FAUX;;;;;;;;;;;;;;;;;;;;;;;;;;1;Livre;;;VRAI;FAUX;;;2;0;0;0;0;1;0;0;;0;0;;;0;0
21/04/2024;FAUX;VRAI;FAUX;;KIOF - Midas Touch;7;KDA - DUM;17;Ava Max;16;;;;;13;EXO - Call me baby;39;;;;;;;;;;;;1;Film/vidéo;;;VRAI;FAUX;;;2;0;0;1;0;0;0;0;0;0;0;;;0;1
22/04/2024;FAUX;FAUX;FAUX;;KIOF - Midas Touch;10;Ava Max;17;Bad -Christopher;62;;;;;;EXO - Call me baby;7;;;;;;;;;;;;1;Film/vidéo;;;FAUX;FAUX;;;2;0;1;1;0;0;0;0;;0;0;;;0;0
23/04/2024;FAUX;VRAI;FAUX;;Bad -Christopher;10;EXO - Call me baby;9;KDA - DUM;4;;;;;11;Ariana - Break up;9;;;;;;;;;;;;;;;;FAUX;FAUX;;;2;0;1;1;0;1;0;0;;0;0;;;0;1
24/04/2024;FAUX;FAUX;FAUX;;Bad -Christopher;17;EXO - Call me baby;9;KDA - DUM;10;;;;;;Ariana - Break up;10;;;;;;;;;;;;1;Rêve;;;FAUX;FAUX;;j'ai reve que je larguais mon mec parce que son pote était un fdp;3;0;1;1;0;1;0;0;;0;0;;;0;0
25/04/2024;FAUX;FAUX;FAUX;;Bad -Christopher;7;EXO - Call me baby;7;KDA - DUM;2;;;;;;Ariana - Break up;4;;;;;;;;;;;;;;;;FAUX;FAUX;;;2;0;1;1;0;0;0;0;;0;0;;;0;0
26/04/2024;FAUX;FAUX;FAUX;;Bad -Christopher;8;EXO - Call me baby;8;KDA - DUM;3;;;;;15;Ariana - Break up;8;;;;;;;;;;;;2;Film/vidéo;Livre;;FAUX;FAUX;;;0;0;0;0;0;0;0;0;;0;0;;;0;0
27/04/2024;FAUX;FAUX;FAUX;;;;;;;;;;;;;;;;;;;;;;;;;;;;;;FAUX;FAUX;;;1;0;1;1;0;1;0;0;;0;0;;;0;0
28/04/2024;FAUX;FAUX;FAUX;;;;;;;;;;;;;;;;;;;;;;;;;;1;Livre;;;FAUX;FAUX;;;1;0;0;0;0;1;0;0;0;0;0;;;0;0
29/04/2024;FAUX;FAUX;FAUX;;;;;;;;;;;;;;;;;;;;;;;;;;;;;;FAUX;FAUX;;;3;0;0;0;0;0;0;0;;0;0;;;0;0
30/04/2024;FAUX;FAUX;FAUX;;Ateez - Bouncy;16;EXO - Call me baby;5;;;;;;;;;;;;;;;;;;;;;;;;;FAUX;FAUX;;;0;0;0;0;0;0;0;0;;0;0;;;0;0
01/05/2024;FAUX;FAUX;FAUX;;KDA - DUM;12;EXO - Call me baby;10;Ateez - Bouncy;14;;;;;;Bad -Christopher;7;;;;;;;;;;;;;;;;FAUX;FAUX;;;3;1;0;1;0;0;0;1;;0;0;;;;
02/05/2024;FAUX;FAUX;FAUX;;KDA - DUM;2;;;;;;;;;;;;;;;;;;;;;;;;;;;FAUX;FAUX;;;2;1;1;0;0;0;0;1;;0;1;;;;
03/05/2024;FAUX;FAUX;FAUX;;KDA - DUM;16;EXO - Call me baby;17;Ateez - Bouncy;4;;;;;;Bad -Christopher;9;;;;;;;;;;;;;;;;FAUX;FAUX;;;2;0;1;1;0;0;0;1;;0;0;;;;
04/05/2024;FAUX;FAUX;FAUX;;;;;;;;;;;;;;;;;;;;;;;;;;2;Film/vidéo;Solitude;Déçue des gens;FAUX;FAUX;;et decue des gens;1;1;0;0;0;0;0;1;;0;0;;;;
05/05/2024;FAUX;FAUX;FAUX;;;;;;;;;;;;;;;;;;;;;;;;;;1;Film/vidéo;;;FAUX;FAUX;;;2;1;1;0;0;1;0;0;0;0;0;;;;
06/05/2024;FAUX;FAUX;FAUX;;;;;;;;;;;;120;;;;;;;;;;;;;;;;;;FAUX;FAUX;;;2;1;1;1;0;1;0;0;;0;0;;;;
07/05/2024;FAUX;FAUX;FAUX;;;;;;;;;;;;;;;;;;;;;;;;;;1;Film/vidéo;;;FAUX;FAUX;;;1;1;1;0;0;1;0;1;;0;0;;;;
08/05/2024;FAUX;FAUX;FAUX;;;;;;;;;;;;;;;;;;;;;;;;;;;;;;FAUX;FAUX;;;1;0;0;0;0;0;0;0;;0;0;;;;
09/05/2024;FAUX;FAUX;FAUX;;Hwasa - Chili;14;Ateez - Bouncy;20;Bad -Christopher;15;;;;;;Ariana - Break up;12;Deja Vu- DC;12;;;;;;;;;;;;;;FAUX;FAUX;;;2;0;0;1;0;0;0;0;;0;0;;;;
10/05/2024;FAUX;FAUX;FAUX;;Hwasa - Chili;17;Ateez - Bouncy;12;Ariana - Break up;9;;;;;3;Deja Vu- DC;20;Bad -Christopher;15;;;;;;;;;;1;Bonheur nostalgique;;;FAUX;FAUX;;Parce que je me sentais bien et que je me suis rappelée tout le temps perdu à aller mal;2;0;0;1;0;1;0;0;0;0;0;;;;
11/05/2024;FAUX;FAUX;FAUX;;Hwasa - Chili;11;Ateez - Bouncy;13;Bad -Christopher;32;;;;;;Deja Vu- DC;17;;;;;;;;;;;;;;;;FAUX;FAUX;;;2;1;0;1;0;0;0;0;;0;0;;;;
12/05/2024;FAUX;FAUX;FAUX;;Deja Vu- DC;40;Deja Vu-Ateez;38;;;;;;;;;;;;;;;;;;;;;1;Film/vidéo;;;FAUX;VRAI;;;3;0;0;1;0;0;0;1;;0;0;;;;
13/05/2024;FAUX;FAUX;FAUX;;Deja Vu- DC;11;Deja Vu-Ateez;55;;;;;;;120;;;;;;;;;;;;;;;;;;FAUX;FAUX;;;3;0;1;1;0;0;0;1;;0;0;;;;
14/05/2024;FAUX;FAUX;FAUX;;Deja Vu- DC;10;Deja Vu-Ateez;10;;;;;;;;;;;;;;;;;;;;;1;Vide;;;FAUX;VRAI;;jme sentais vide, me suis forcée à pleurer mais ça a pas vraiment fonctionné;3;1;1;1;0;0;0;0;0;0;1;;;;
15/05/2024;FAUX;FAUX;FAUX;;Deja Vu-Ateez;37;Ariana - Break up;7;;;;;;;;;;;;;;;;;;;;;2;Overthinking;Solitude;Déçue des gens;VRAI;FAUX;;l'impression de ne pas avancer;5;0;1;1;0;0;0;0;;0;1;;;;
16/05/2024;FAUX;FAUX;FAUX;;Deja Vu-Ateez;21;Deja Vu- DC;6;;;;;;;;;;;;;;;;;;;;;;;;;FAUX;FAUX;;;2;0;1;1;0;0;0;0;;0;1;;;;
17/05/2024;FAUX;FAUX;FAUX;;Deja Vu-Ateez;44;Deja Vu- DC;16;Ariana - Break up;11;;;;;;Deja Vu - Beyonce;14;;;;;;;;;;;;;;;;FAUX;FAUX;;;3;0;0;1;0;1;0;1;;0;0;;;;
18/05/2024;FAUX;FAUX;FAUX;;Deja Vu - Beyonce;15;Deja Vu-Ateez;3;Deja Vu- DC;7;;;;;;Burlesque;19;;;;;;;;;;;;;;;;FAUX;FAUX;;;1;0;0;1;0;0;0;0;;0;0;;;;
19/05/2024;FAUX;FAUX;FAUX;;Ariana - Break up;3;Deja Vu- DC;5;Burlesque;7;;;;;;Deja Vu-Ateez;5;;;;;;;;;;;;;;;;FAUX;FAUX;;;3;0;0;1;0;1;0;0;;0;0;;;;
20/05/2024;FAUX;FAUX;FAUX;;Ariana - Break up;15;Deja Vu- DC;24;Deja Vu-Ateez;16;;;;;120;;;;;;;;;;;;;;;;;;FAUX;FAUX;;;2;0;0;1;0;0;0;0;;0;0;;;;
21/05/2024;FAUX;FAUX;FAUX;;;;;;;;;;;;;;;;;;;;;;;;;;;;;;FAUX;FAUX;;;1;0;1;0;0;0;0;0;0;0;0;;;;
22/05/2024;FAUX;FAUX;FAUX;;Burlesque;7;Deja Vu - Beyonce;15;;;;;;;;;;;;;;;;;;;;;;;;;FAUX;FAUX;;;2;0;1;1;0;0;0;0;;0;0;;;;
23/05/2024;FAUX;FAUX;FAUX;;;;;;;;;;;;;;;;;;;;;;;;;;;;;;FAUX;FAUX;;;1;0;0;0;0;0;0;0;;0;0;;;;
24/05/2024;FAUX;FAUX;FAUX;;Britney - Womanizer;30;Deja Vu - Beyonce;18;Burlesque;15;;;;;10;;;;;;;;;;;;;;;;;;FAUX;FAUX;;;0;0;0;1;0;0;0;0;;0;0;;;;
25/05/2024;FAUX;FAUX;FAUX;;Britney - Womanizer;12;Deja Vu - Beyonce;10;Burlesque;12;;;;;;;;;;;;;;;;;;;2;Overthinking;Fatigue;;FAUX;FAUX;;;1;0;0;1;0;0;0;0;;0;0;;;;
26/05/2024;FAUX;FAUX;FAUX;;;;;;;;;;;;;;;;;;;;;;;;;;;;;;FAUX;FAUX;;;1;0;0;0;0;0;0;0;;0;0;;;;
27/05/2024;FAUX;FAUX;FAUX;;Britney - Womanizer;3;Deja Vu - Beyonce;4;Burlesque;3;;;;;120;;;;;;;;;;;;;;;;;;FAUX;FAUX;;;1;0;1;0;0;1;0;1;;0;0;;;;
28/05/2024;FAUX;FAUX;FAUX;;Britney - Womanizer;6;Deja Vu - Beyonce;3;Burlesque;3;;;;;;;;;;;;;;;;;;;;;;;FAUX;FAUX;;;1;0;1;1;0;0;0;0;0;0;0;;;;
29/05/2024;FAUX;FAUX;FAUX;;Britney - Womanizer;3;Deja Vu - Beyonce;5;Burlesque;5;;;;;;Run BTS;31;;;;;;;;;;;;;;;;FAUX;FAUX;;;2;0;1;1;0;1;0;0;;0;0;;;;
30/05/2024;FAUX;FAUX;FAUX;;;;;;;;;;;;;;;;;;;;;;;;;;;;;;FAUX;FAUX;;;0;0;1;0;0;0;0;0;;0;0;;;;
31/05/2024;FAUX;FAUX;FAUX;;Deja Vu - Beyonce;9;Burlesque;11;Run BTS;26;;;;;;Britney - Womanizer;8;So fucking cool;3;;;;;;;;;;;;;;FAUX;FAUX;;;0;0;0;0;0;0;0;0;;0;0;;;;
01/06/2024;FAUX;FAUX;FAUX;;;;;;;;;;;;;;;;;;;;;;;;;;;;;;FAUX;FAUX;;;0;0;0;0;0;0;0;0;;0;0;;;;
02/06/2024;FAUX;FAUX;FAUX;;Run BTS;6;Burlesque;5;Britney - Womanizer;4;;;;;;Deja Vu - Beyonce;6;So fucking cool;10;;;;;;;;;;;;;;FAUX;FAUX;;;1;0;0;1;0;1;0;0;;0;0;;;;
03/06/2024;FAUX;FAUX;FAUX;;Run BTS;5;Deja Vu - Beyonce;20;So fucking cool;10;;;;;;Burlesque;3;;;;;;;;;;;;;;;;FAUX;FAUX;;;1;1;0;0;0;0;0;0;;0;0;;;;
04/06/2024;FAUX;FAUX;FAUX;;;;;;;;;;;;;;;;;;;;;;;;;;;;;;FAUX;FAUX;;;1;0;1;0;0;1;0;0;;0;0;;;;
05/06/2024;FAUX;FAUX;FAUX;;BP Shutdown;24;Burlesque;11;Britney - Womanizer;12;;;;;;Run BTS;5;;;;;;;;;;;;;;;;FAUX;FAUX;;;0;0;1;0;0;0;0;0;0;0;0;;;;
06/06/2024;FAUX;FAUX;FAUX;;;;;;;;;;;;;;;;;;;;;;;;;;;;;;FAUX;FAUX;;;1;0;1;0;0;0;0;0;;0;0;;;;
07/06/2024;VRAI;FAUX;FAUX;;BP Shutdown;8;Burlesque;8;Run BTS;5;;;;;9;;;;;;;;;;;;;;;;;;FAUX;FAUX;;;0;1;0;1;0;0;0;0;;0;0;;;;
08/06/2024;FAUX;FAUX;FAUX;;;;;;;;;;;;;;;;;;;;;;;;;;;;;;FAUX;FAUX;;;0;0;0;0;0;0;0;0;;0;0;;;;
09/06/2024;FAUX;FAUX;FAUX;;;;;;;;;;;;;;;;;;;;;;;;;;;;;;FAUX;FAUX;;;0;0;0;0;0;0;0;0;;0;0;;;;
10/06/2024;FAUX;FAUX;FAUX;;;;;;;;;;;;;;;;;;;;;;;;;;;;;;FAUX;FAUX;;;0;0;0;0;0;0;0;0;0;0;0;;;;
11/06/2024;FAUX;FAUX;FAUX;;;;;;;;;;;;;;;;;;;;;;;;;;;;;;FAUX;FAUX;;;4;0;0;0;0;0;0;0;;0;0;;;;
12/06/2024;FAUX;FAUX;FAUX;;Burlesque;16;BP Shutdown;3;Britney - Womanizer;2;;;;;;;;;;;;;;;;;;;;;;;FAUX;FAUX;;;0;0;1;1;0;0;0;0;;0;0;;;;
13/06/2024;FAUX;FAUX;FAUX;;;;;;;;;;;;;;;;;;;;;;;;;;;;;;FAUX;FAUX;;;0;0;0;0;0;0;0;0;;0;0;;;;
14/06/2024;FAUX;FAUX;FAUX;;;;;;;;;;;;;;;;;;;;;;;;;;1;;;;VRAI;FAUX;susceptible steph;quelques min;0;0;0;0;0;0;0;0;0;0;0;;;;
15/06/2024;FAUX;FAUX;FAUX;;;;;;;;;;;;;;;;;;;;;;;;;;;;;;FAUX;FAUX;;;0;0;0;0;0;0;0;0;;0;0;;;;
16/06/2024;FAUX;FAUX;FAUX;;;;;;;;;;;;;;;;;;;;;;;;;;;;;;FAUX;FAUX;;;0;0;0;0;0;0;0;0;;0;0;;;;
17/06/2024;FAUX;FAUX;FAUX;;;;;;;;;;;;;;;;;;;;;;;;;;;;;;FAUX;FAUX;;;0;0;0;0;0;0;0;0;;0;0;;;;
18/06/2024;FAUX;FAUX;FAUX;;;;;;;;;;;;;;;;;;;;;;;;;;;;;;FAUX;FAUX;;;0;0;0;0;0;0;0;0;;0;0;;;;
19/06/2024;FAUX;FAUX;FAUX;;;;;;;;;;;;;;;;;;;;;;;;;;;;;;FAUX;FAUX;;;0;0;0;0;0;0;0;0;;0;0;;;;
20/06/2024;FAUX;FAUX;FAUX;;;;;;;;;;;;;;;;;;;;;;;;;;;;;;FAUX;FAUX;;;0;0;0;0;0;0;0;0;;0;0;;;;
21/06/2024;FAUX;FAUX;FAUX;;;;;;;;;;;;;;;;;;;;;;;;;;;;;;FAUX;FAUX;;;0;0;0;0;0;0;0;0;0;0;0;;;;
22/06/2024;FAUX;FAUX;FAUX;;;;;;;;;;;;;;;;;;;;;;;;;;;;;;FAUX;FAUX;;;0;0;0;0;0;0;0;0;;0;0;;;;
23/06/2024;FAUX;FAUX;FAUX;;;;;;;;;;;;;;;;;;;;;;;;;;;;;;FAUX;FAUX;;;0;0;0;0;0;0;0;0;;0;0;;;;
24/06/2024;VRAI;FAUX;FAUX;;Run BTS;12;Britney - Womanizer;16;PB Shutdown;8;;;;;8;BTS - Permission to dance;18;;;;;;;;;;;;;;;;FAUX;FAUX;;;0;0;0;0;0;0;0;0;;0;0;;;;
25/06/2024;FAUX;FAUX;FAUX;;Run BTS;6;Britney - Womanizer;5;PB Shutdown;5;;;;;35;So fucking cool;11;;;;;;;;;;;;2;Angoisse;;;FAUX;FAUX;steph qui part potentiellement = ça me rend triste = encore me retrouver seule;;0;0;0;0;0;0;0;0;;0;0;;;;
26/06/2024;VRAI;FAUX;FAUX;;PB Shutdown;6;Britney - Womanizer;13;Run BTS;7;;;;;7;So fucking cool;36;;;;;;;;;;;;;;;;FAUX;FAUX;;;0;0;0;0;0;0;0;0;;0;0;;;;
27/06/2024;FAUX;FAUX;FAUX;;Run BTS;11;So fucking cool;15;;;;;;;62;;;;;;;;;;;;;;;;;;FAUX;FAUX;;;0;0;0;0;0;0;0;0;;0;0;;;;
28/06/2024;FAUX;FAUX;FAUX;;So fucking cool;36;;;;;;;;;21;;;;;;;;;;;;;;;;;;FAUX;FAUX;;;0;0;0;0;0;0;0;0;0;0;0;;;;
29/06/2024;FAUX;FAUX;FAUX;;;;;;;;;;;;;;;;;;;;;;;;;;;;;;FAUX;FAUX;;;0;0;0;0;0;0;0;0;;0;0;;;;
30/06/2024;FAUX;FAUX;FAUX;;So fucking cool;7;NJ - GODS;49;;;;;;;;;;;;;;;;;;;;;;;;;FAUX;FAUX;;;0;0;0;0;0;0;0;0;;0;0;;;;
01/07/2024;FAUX;FAUX;FAUX;;So fucking cool;3;NJ - GODS;58;;;;;;;;;;;;;;;;;;;;;;;;;FAUX;FAUX;;;0;0;0;0;0;0;0;0;;0;0;;;;
02/07/2024;FAUX;FAUX;FAUX;;NJ - GODS;21;So fucking cool;11;Ateez - Work;22;;;;;;;;;;;;;;;;;;;;;;;FAUX;FAUX;;;0;0;0;0;0;0;0;0;;0;0;;;;
03/07/2024;FAUX;FAUX;FAUX;;NJ - GODS;8;So fucking cool;24;Ateez - Work;22;;;;;;;;;;;;;;;;;;;;;;;FAUX;FAUX;;;0;0;0;0;0;0;0;0;;0;0;;;;
04/07/2024;FAUX;FAUX;FAUX;;NJ - GODS;10;So fucking cool;2;Ateez - Work;10;;;;;;;;;;;;;;;;;;;;;;;FAUX;FAUX;;;0;0;0;0;0;0;0;0;;0;0;;;;
05/07/2024;FAUX;FAUX;FAUX;;Ateez - Work;2;;;;;;;;;;;;;;;;;;;;;;;;;;;FAUX;FAUX;;;0;0;0;0;0;0;0;0;0;0;0;;;;
06/07/2024;FAUX;FAUX;FAUX;;;;;;;;;;;;;;;;;;;;;;;;;;;;;;FAUX;FAUX;;;0;0;0;0;0;0;0;0;;0;0;;;;
07/07/2024;FAUX;FAUX;FAUX;;;;;;;;;;;;;;;;;;;;;;;;;;;;;;FAUX;FAUX;;;0;0;0;0;0;0;0;0;;0;0;;;;
08/07/2024;FAUX;FAUX;FAUX;;;;;;;;;;;;;;;;;;;;;;;;;;;;;;FAUX;FAUX;;;0;0;0;0;0;0;0;0;;0;0;;;;
09/07/2024;VRAI;VRAI;FAUX;;Ateez - Work;19;NJ - GODS;16;So fucking cool;8;;;;;18;;;;;;;;;;;;;;1;Fatigue;;;VRAI;FAUX;;(et agacée) parce que steph m'a reveillée dans la nuit pour chasser les moustiques;0;0;0;0;0;0;0;0;;0;0;;;;
10/07/2024;FAUX;FAUX;FAUX;;Ateez - Work;18;TripleS -Rising;15;So fucking cool;2;;;;;13;NJ - GODS;4;;;;;;;;;;;;;;;;FAUX;FAUX;;;0;0;0;0;0;0;0;0;0;0;0;;;;
11/07/2024;VRAI;FAUX;FAUX;;So fucking cool;20;Ateez - Work;21;NJ - GODS;8;;;;;7;TripleS -Rising;5;;;;;;;;;;;;;;;;FAUX;FAUX;;;0;0;0;0;0;0;0;0;;0;0;;;;
12/07/2024;VRAI;FAUX;FAUX;8;NJ - GODS;8;TripleS -Rising;5;Ateez - Work;25;;;;;28;;;;;6/1;;;;;;;;;;;;;FAUX;FAUX;;;0;0;0;0;0;0;0;0;;0;0;;;;
13/07/2024;FAUX;FAUX;FAUX;8;NJ - GODS;6;TripleS -Rising;3;Ateez - Work;13;;;;;24;Build a bitch;11;;;;;;;;;;;;;;;;FAUX;FAUX;;;0;0;0;0;0;0;0;0;;0;0;;;;
14/07/2024;;;VRAI;5;NJ - GODS;8;TripleS -Rising;7;Ateez - Work;8;;;;;12;;;;;9;;;;;;;;;;;;;FAUX;FAUX;;;0;0;0;0;0;0;0;0;0;0;0;;;;
15/07/2024;;;FAUX;;;;;;;;;;;;;;;;;;;;;;;;;;;;;;FAUX;FAUX;;;0;0;0;0;0;0;0;0;;0;0;;;;
16/07/2024;;;VRAI;6;NJ - GODS;7;Ateez - Work;18;Build a bitch;12;;;;;;TripleS -Rising;11;;;;;;;;;;;;;;;;FAUX;FAUX;;;0;0;0;0;0;0;0;0;;0;0;;;;
17/07/2024;;;FAUX;6;Ateez - Work;8;NJ - GODS;1;Build a bitch;6;;;;;49;;;;;;;;;;;;;;2;Déçue des gens;;;FAUX;FAUX;;j'ai essayé de faire plaisir à steph mais il osef de moi et me répondait à rien;0;0;0;0;0;0;0;0;;0;0;;;;
18/07/2024;;;FAUX;;NJ - GODS;18;Ateez - Work;13;Build a bitch;4;;;;;14;;;;;;;;;;;;;;;;;;FAUX;FAUX;;;0;0;0;0;0;0;0;0;;0;0;;;;
19/07/2024;;;VRAI;2;Ateez - Work;13;TripleS -Rising;5;Build a bitch;4;;;;;31;;;;;;;;;;;10;;;;;;;FAUX;FAUX;;;0;0;0;0;0;0;0;0;;0;0;;;;
20/07/2024;;;VRAI;3;SKZ - CHK CHK BOOM;36;Ateez - Work;8;Build a bitch;6;;;;;3;TripleS -Rising;9;;;;;;;;;;;;;;;;FAUX;FAUX;;;0;0;0;0;0;0;0;0;;0;0;;;;
21/07/2024;;;VRAI;;SKZ - CHK CHK BOOM;31;TripleS -Rising;2;;;;;;;;;;;;8/1;;;;;;;;;1;Déçue des gens;;;FAUX;FAUX;;trop d'attente envers les gens > je voulais un truc mais j'en ai pas parlé et je penais que l'autre voulait aussi et que ça se produirait du coup;0;0;0;0;0;0;0;0;0;0;0;;;;
22/07/2024;;;FAUX;;SKZ - CHK CHK BOOM;12;NJ - GODS;6;Ateez - Work;6;;;;;;TripleS -Rising;7;;;9;;;;;;;;;;;;;FAUX;FAUX;;;0;0;0;0;0;0;0;0;;0;0;;;;
23/07/2024;;;VRAI;4;Ateez - Work;11;TripleS -Rising;7;SKZ - CHK CHK BOOM;16;;;;;;;;;;;;;;;;;;;;;;;FAUX;FAUX;;;0;0;0;0;0;0;0;0;;0;0;;;;
24/07/2024;;;FAUX;5;NJ - GODS;11;SKZ - CHK CHK BOOM;26;TripleS -Rising;7;;;;;;Ateez - Work;29;;;;;;;;;;;;;;;;FAUX;FAUX;;;0;0;0;0;0;0;0;0;;0;0;;;;
25/07/2024;;;FAUX;2;TripleS -Rising;23;SKZ - CHK CHK BOOM;16;NJ - GODS;18;;;;;;Ateez - Work;16;;;;;;;;;;;;;;;;FAUX;FAUX;;;0;0;0;0;0;0;0;0;;0;0;;;;
26/07/2024;;;FAUX;;SKZ - CHK CHK BOOM;24;TripleS -Rising;28;;;;;;;;;;;;;;;;;;;;;;;;;FAUX;FAUX;;;0;0;0;0;0;0;0;0;;0;0;;;;
27/07/2024;;;FAUX;;;;;;;;;;;;;;;;;;;;;;;;;;;;;;FAUX;FAUX;;;0;0;0;0;0;0;0;0;;0;0;;;;
28/07/2024;;;FAUX;;;;;;;;;;;;;;;;;;;;;;;;;;;;;;FAUX;FAUX;;;0;0;0;0;0;0;0;0;0;0;0;;;;
29/07/2024;;;FAUX;;;;;;;;;;;;;;;;;;;;;;;;;;;;;;FAUX;FAUX;;;0;0;0;0;0;0;0;0;;0;0;;;;
30/07/2024;;;VRAI;;;;;;;;;;;;;;;;;;;;;;;;;;1;Fatigue;;;FAUX;FAUX;;saoulée d'avoir perdu ma boucle doreille;0;0;0;0;0;0;0;0;;0;0;;;;
31/07/2024;;;FAUX;;;;;;;;;;;;;;;;;;;;;;;;;;;;;;FAUX;FAUX;;;0;0;0;0;0;0;0;0;;0;0;;;;
01/08/2024;;;VRAI;;;;;;;;;;;;;;;;;;;;;;;;;;;;;;FAUX;FAUX;;;0;0;0;0;0;0;0;0;;0;0;;;;
02/08/2024;;;FAUX;;;;;;;;;;;;;;;;;;;;;;;;;;;;;;FAUX;FAUX;;;0;0;0;0;0;0;0;0;;0;0;;;;
03/08/2024;;;FAUX;;;;;;;;;;;;;;;;;;;;;;;;;;;;;;FAUX;FAUX;;;0;0;0;0;0;0;0;0;;0;0;;;;
04/08/2024;;;FAUX;;;;;;;;;;;;;;;;;;;;;;;;;;;;;;FAUX;FAUX;;;0;0;0;0;0;0;0;0;;0;0;;;;
05/08/2024;;;FAUX;;;;;;;;;;;;;;;;;;;;;;;;;;1;Livre;;;FAUX;FAUX;;;0;0;0;0;0;0;0;0;0;0;0;;;;
06/08/2024;;;FAUX;;;;;;;;;;;;;;;;;;;;;;;;;;;;;;FAUX;FAUX;;;0;0;0;0;0;0;0;0;;0;0;;;;
07/08/2024;;;VRAI;;;;;;;;;;;;;;;;;;;;;;;;;;;;;;FAUX;FAUX;;;0;0;0;0;0;0;0;0;;0;0;;;;
08/08/2024;;;FAUX;;;;;;;;;;;;;;;;;;;;;;;;;;;;;;FAUX;FAUX;;;0;0;0;0;0;0;0;0;;0;0;;;;
09/08/2024;;;FAUX;;;;;;;;;;;;;;;;;;1;;;;;;;;;;;;FAUX;FAUX;;;0;0;0;0;0;0;0;0;;0;0;;;;
10/08/2024;;;VRAI;;;;;;;;;;;;;;;;;;;;;;;;;;;;;;FAUX;FAUX;;;0;0;0;0;0;0;0;0;0;0;0;;;;
11/08/2024;;;FAUX;;;;;;;;;;;;;;;;;;;;;;;;;;;;;;FAUX;FAUX;;;0;0;0;0;0;0;0;0;;0;0;;;;
12/08/2024;;;FAUX;4;;;;;;;;;;;27;;;;;;0.6;;;;;;;;;;;;FAUX;FAUX;;;0;0;0;0;0;0;0;0;;0;0;;;;
13/08/2024;;;VRAI;;;;;;;;;;;;26;;;;;;;;;;;;;;;;;;FAUX;FAUX;;;0;0;0;0;0;0;0;0;;0;0;;;;
14/08/2024;;;VRAI;;;;;;;;;;;;;;;;;;;;;;;;;;;;;;FAUX;FAUX;;;0;0;0;0;0;0;0;0;0;0;0;;;;
15/08/2024;;;VRAI;;;;;;;;;;;;;;;;;;;;;;;;;;;;;;FAUX;FAUX;;;0;0;0;0;0;0;0;0;;0;0;;;;
16/08/2024;;;FAUX;;;;;;;;;;;;;;;;;;;;;;;;;;;;;;FAUX;FAUX;;;0;0;0;0;0;0;0;0;;0;0;;;;
17/08/2024;;;FAUX;;;;;;;;;;;;;;;;;;;;;;;;;;;;;;FAUX;FAUX;;;0;0;0;0;0;0;0;0;;0;0;;;;
18/08/2024;;;VRAI;;;;;;;;;;;;;;;;;;;;;;;;;;;;;;FAUX;FAUX;;;0;0;0;0;0;0;0;0;;0;0;;;;
19/08/2024;;;FAUX;;;;;;;;;;;;;;;;;;;;;;;;;;;;;;FAUX;FAUX;;;0;0;0;0;0;0;0;0;;0;0;;;;
20/08/2024;;;FAUX;;;;;;;;;;;;22;;;;;;;;;;;;;;;;;;FAUX;FAUX;;;0;0;0;0;0;0;0;0;;0;0;;;;
21/08/2024;;;FAUX;;Hoshi - Spider;27;;;;;;;;;;;;;;;;;;;;;33,08;4,79;;;;;FAUX;FAUX;;;0;0;0;0;0;0;0;0;0;0;0;;;;
22/08/2024;;;VRAI;;;;;;;;;;;;;;;;;;;;;;;;;;;;;;FAUX;FAUX;;;0;0;0;0;0;0;0;0;;0;0;;;;
23/08/2024;;;VRAI;;Hoshi - Spider;8;;;;;;;;;;;;;;;;;;;;;;;;;;;FAUX;FAUX;;;0;0;0;0;0;0;0;0;;0;0;;;;
24/08/2024;;;VRAI;;Hoshi - Spider;10;;;;;;;;;;;;;;;;;;;;;;;;;;;FAUX;FAUX;;;0;0;0;0;0;0;0;0;;0;0;;;;
25/08/2024;;;FAUX;;Hoshi - Spider;16;;;;;;;;;;;;;;;;;;;;;;;;;;;FAUX;FAUX;;;0;0;0;0;0;0;0;0;;0;0;;;;
26/08/2024;;;FAUX;;;;;;;;;;;;;;;;;;;;;;;;;;;;;;FAUX;FAUX;;;0;0;0;0;0;0;0;0;;0;0;;;;
27/08/2024;;;VRAI;2;Hoshi - Spider;30;;;;;;;;;5;;;;;;;;;;;;;;;;;;FAUX;FAUX;;;0;0;0;0;0;0;0;0;;0;0;;;;
28/08/2024;;;FAUX;;Hoshi - Spider;21;;;;;;;;;;;;;;;;;;;;;;;;;;;FAUX;FAUX;;;0;0;0;0;0;0;0;0;0;0;0;;;;
29/08/2024;;;VRAI;;;;;;;;;;;;;;;;;;;;;;;;;;;;;;FAUX;FAUX;;;0;0;0;0;0;0;0;0;;0;0;;;;
30/08/2024;;;FAUX;;;;;;;;;;;;;;;;;;;;;;;;;;;;;;FAUX;FAUX;;;0;0;0;0;0;0;0;0;;0;0;;;;
31/08/2024;;;FAUX;;;;;;;;;;;;;;;;;;;;;;;;;;;;;;FAUX;FAUX;;;0;0;0;0;0;0;0;0;;0;0;;;;
01/09/2024;;;FAUX;;;;;;;;;;;;;;;;;;;;;;;;;;;;;;FAUX;FAUX;;;0;0;0;0;0;0;0;0;;0;0;;;;
02/09/2024;;;VRAI;;;;;;;;;;;;;;;;;;;;;;;;;;;;;;FAUX;FAUX;;;0;0;0;0;0;0;0;0;;0;0;;;;
03/09/2024;;;VRAI;;;;;;;;;;;;;;;;;;;;;;;;;;;;;;FAUX;FAUX;;;0;0;0;0;0;0;0;0;;0;0;;;;
04/09/2024;;;VRAI;;;;;;;;;;;;;;;;;8;;;;;;;;;;;;;FAUX;FAUX;;;0;0;0;0;0;0;0;0;;0;0;;;;
05/09/2024;;;VRAI;;;;;;;;;;;;8;;;;;;;;;;;;;;;;;;FAUX;FAUX;;;0;0;0;0;0;0;0;0;0;0;0;;;;
06/09/2024;;;VRAI;;;;;;;;;;;;;;;;;2;;;;;;;;;;;;;FAUX;FAUX;;;0;0;0;0;0;0;0;0;;0;0;;;;
07/09/2024;;;VRAI;;;;;;;;;;;;;;;;;;;;;;;;;;;;;;FAUX;FAUX;;;0;0;0;0;0;0;0;0;;0;0;;;;
08/09/2024;;;VRAI;;;;;;;;;;;;;;;;;;;;;;;;;;;;;;FAUX;FAUX;;;0;0;0;0;0;0;0;0;;0;0;;;;
09/09/2024;;;VRAI;;;;;;;;;;;;;;;;;;;;;;;;;;;;;;FAUX;FAUX;;;0;0;0;0;0;0;0;0;;0;0;;;;
10/09/2024;;;FAUX;;;;;;;;;;;;;;;;;;;;;;;;;;;;;;FAUX;FAUX;;;0;0;0;0;0;0;0;0;0;0;0;;;;
11/09/2024;;;VRAI;;;;;;;;;;;;;;;;;;;;;;;;;;;;;;FAUX;FAUX;;;0;0;0;0;0;0;0;0;;0;0;;;;
12/09/2024;;;FAUX;;;;;;;;;;;;;;;;;;;;;;;;;;;;;;FAUX;FAUX;;;0;0;0;0;0;0;0;0;;0;0;;;;
13/09/2024;;;FAUX;;;;;;;;;;;;;;;;;;;;;;;;;;;;;;FAUX;FAUX;;;0;0;0;0;0;0;0;0;;0;0;;;;
14/09/2024;;;VRAI;;;;;;;;;;;;;;;;;;;;;;;;;;;;;;FAUX;FAUX;;;0;0;0;0;0;0;0;0;0;0;0;;;;
15/09/2024;;;FAUX;;;;;;;;;;;;;;;;;;;;;;;;;;;;;;FAUX;FAUX;;;0;0;0;0;0;0;0;0;;0;0;;;;
16/09/2024;;;FAUX;;;;;;;;;;;;;;;;;;;;;;;;;;;;;;FAUX;FAUX;;;0;0;0;0;0;0;0;0;;0;0;;;;
17/09/2024;;;FAUX;;;;;;;;;;;;;;;;;;;;;;;;;;;;;;FAUX;FAUX;;;0;0;0;0;0;0;0;0;;0;0;;;;
18/09/2024;;;FAUX;;;;;;;;;;;;;;;;;;;;;;;;;;;;;;FAUX;FAUX;;;0;0;0;0;0;0;0;0;;0;0;;;;
19/09/2024;;;FAUX;;;;;;;;;;;;;;;;;;;;;;;;;;;;;;FAUX;FAUX;;;0;0;0;0;0;0;0;0;;0;0;;;;
20/09/2024;;;VRAI;;;;;;;;;;;;;;;;;;;;;;;;;;;;;;FAUX;FAUX;;;0;0;0;0;0;0;0;0;;0;0;;;;
21/09/2024;;;FAUX;;;;;;;;;;;;;;;;;;;;;;;;;;;;;;FAUX;FAUX;;;0;0;0;0;0;0;0;0;0;0;0;;;;
22/09/2024;;;FAUX;;;;;;;;;;;;;;;;;;;;;;;;;;;;;;FAUX;FAUX;;;0;0;0;0;0;0;0;0;;0;0;;;;
23/09/2024;;;FAUX;;;;;;;;;;;;;;;;;;;;;;;;;;;;;;FAUX;FAUX;;;0;0;0;0;0;0;0;0;;0;0;;;;
24/09/2024;;;FAUX;;;;;;;;;;;;;;;;;;;;;;;;;;;;;;FAUX;FAUX;;;0;0;0;0;0;0;0;0;;0;0;;;;
25/09/2024;;;FAUX;;;;;;;;;;;;;;;;;;;;;;;;;;;;;;FAUX;FAUX;;;0;0;0;0;0;0;0;0;;0;0;;;;
26/09/2024;;;VRAI;;;;;;;;;;;;;;;;;;;;;;;;;;;;;;FAUX;FAUX;;;0;0;0;0;0;0;0;0;;0;0;;;;
27/09/2024;;;FAUX;;;;;;;;;;;;;;;;;;;;;;;;;;;;;;FAUX;FAUX;;;0;0;0;0;0;0;0;0;;0;0;;;;
28/09/2024;;;FAUX;;;;;;;;;;;;;;;;;;;;;;;;;;;;;;FAUX;FAUX;;;0;0;0;0;0;0;0;0;0;0;0;;;;
29/09/2024;;;FAUX;;;;;;;;;;;;;;;;;;;;;;;;;;;;;;FAUX;FAUX;;;0;0;0;0;0;0;0;0;;0;0;;;;
30/09/2024;;;FAUX;;;;;;;;;;;;;;;;;;;;;;;;;;;;;;FAUX;FAUX;;;0;0;0;0;0;0;0;0;;0;0;;;;
01/10/2024;;;FAUX;;;;;;;;;;;;;;;;;;;;;;;;;;;;;;FAUX;FAUX;;;0;0;0;0;0;0;0;0;;0;0;;;;
02/10/2024;;;FAUX;;;;;;;;;;;;;;;;;;;;;;;;;;;;;;FAUX;FAUX;;;0;0;0;0;0;0;0;0;;0;0;;;;
03/10/2024;;;FAUX;;;;;;;;;;;;;;;;;;;;;;;;;;;;;;FAUX;FAUX;;;0;0;0;0;0;0;0;0;;0;0;;;;
04/10/2024;;;FAUX;;;;;;;;;;;;;;;;;;;;;;;;;;;;;;FAUX;FAUX;;;0;0;0;0;0;0;0;0;;0;0;;;;
05/10/2024;;;FAUX;;;;;;;;;;;;;;;;;;;;;;;;;;;;;;FAUX;FAUX;;;0;0;0;0;0;0;0;0;0;0;0;;;;
06/10/2024;;;FAUX;;;;;;;;;;;;;;;;;;;;;;;;;;;;;;FAUX;FAUX;;;0;0;0;0;0;0;0;0;;0;0;;;;
07/10/2024;;;FAUX;;Crazy - Le Sserafim;60;;;;;;;;;;;;;;;;;;;;;;;;;;;FAUX;FAUX;;;0;0;0;0;0;0;0;0;;0;0;;;;
08/10/2024;;;FAUX;;Crazy - Le Sserafim;35;;;;;;;;;10;;;;;;;;;;;;;;;;;;FAUX;FAUX;;;0;0;0;0;0;0;0;0;;0;0;;;;
09/10/2024;;;VRAI;;Crazy - Le Sserafim;10;;;;;;;;;;;;;;8;;;;;;;40;5,38;;;;;FAUX;FAUX;;;0;0;0;0;0;0;0;0;;0;0;;;;
10/10/2024;;;VRAI;3;Crazy - Le Sserafim;27;Jazz - Soso LaoShi;24;;;;;;;;;;;;;;5;;;;;;;;;;;FAUX;FAUX;;;0;0;0;0;0;0;0;0;0;0;0;;;;
11/10/2024;;;VRAI;8;Crazy - Le Sserafim;32;Jazz - Soso LaoShi;17;;;;;;;;;;;;;;;;;;;;;;;;;FAUX;FAUX;;;0;0;0;0;0;0;0;0;;0;0;;;;
12/10/2024;;;VRAI;4;Crazy - Le Sserafim;11;Jazz - Soso LaoShi;12;Karina - UP;18;;;;;;;;;;8;;;;;;;;;;;;;FAUX;FAUX;;;0;0;0;0;0;0;0;0;;0;0;;;;
13/10/2024;;;VRAI;;Crazy - Le Sserafim;11;Jazz - Soso LaoShi;8;Karina - UP;8;;;;;;;;;;;;;;;;;;;;;;;FAUX;FAUX;;;0;0;0;0;0;0;0;0;;0;0;;;;
14/10/2024;;;VRAI;;Crazy - Le Sserafim;7;Jazz - Soso LaoShi;10;Karina - UP;15;;;;;;;;;;8;;;;;;;;;;;;;FAUX;FAUX;;;0;0;0;0;0;0;0;0;0;0;0;;;;
15/10/2024;;;VRAI;;Crazy - Le Sserafim;24;Jazz - Soso LaoShi;14;Karina - UP;33;;;;;;;;;;;;;;;;;;;;;;;FAUX;FAUX;;;0;0;0;0;0;0;0;0;;0;0;;;;
16/10/2024;;;VRAI;;Crazy - Le Sserafim;6;Jazz - Soso LaoShi;11;Karina - UP;15;;;;;;;;;;8;;;;;;;;;;;;;FAUX;FAUX;;;0;0;0;0;0;0;0;0;;0;0;;;;
17/10/2024;;;VRAI;2;Crazy - Le Sserafim;12;Jazz - Soso LaoShi;12;Karina - UP;10;;;;;;;;;;;;;;;;;;;;;;;FAUX;FAUX;;;0;0;0;0;0;0;0;0;;0;0;;;;
18/10/2024;;;FAUX;;ATEEZ - Halazia;97;;;;;;;;;;;;;;8;;;;;;;;;;;;;FAUX;FAUX;;;0;0;0;0;0;0;0;0;;0;0;;;;
19/10/2024;;;VRAI;;ATEEZ - Halazia;67;;;;;;;;;1;;;;;;;;;;;;;;;;;;FAUX;FAUX;;;0;0;0;0;0;0;0;0;;0;0;;;;
20/10/2024;;;VRAI;3;ATEEZ - Halazia;11;New Jeans - Hype Boy;11;;;;;;;;;;;;;;;;;;;;;;;;;FAUX;FAUX;;;0;0;0;0;0;0;0;0;;0;0;;;;
21/10/2024;;;FAUX;;ATEEZ - Halazia;34;New Jeans - Hype Boy;12;;;;;;;;;;;;8;;;;;;;;;;;;;FAUX;FAUX;;;0;0;0;0;0;0;0;0;0;0;0;;;;
22/10/2024;;;VRAI;;ATEEZ - Halazia;17;New Jeans - Hype Boy;8;;;;;;;1;;;;;;;6;;;;;;;;;;;FAUX;FAUX;;;0;0;0;0;0;0;0;0;;0;0;;;;
23/10/2024;;;VRAI;;ATEEZ - Halazia;12;New Jeans - Hype Boy;10;BabyMonster - Like That;26;;;;;;;;;;8;;;1;;;;;;;;;;FAUX;FAUX;;;0;0;0;0;0;0;0;0;;0;0;;;;
24/10/2024;;;VRAI;9;ATEEZ - Halazia;12;New Jeans - Hype Boy;11;BabyMonster - Like That;19;;;;;;;;;;;;;;;;;;;;;;;FAUX;FAUX;;;0;0;0;0;0;0;0;0;;0;0;;;;
25/10/2024;;;VRAI;;;;;;;;;;;;;;;;;;;;;;;;;;;;;;FAUX;FAUX;;;0;0;0;0;0;0;0;0;;0;0;;;;
26/10/2024;;;FAUX;;ATEEZ - Halazia;3;New Jeans - Hype Boy;6;BabyMonster - Like That;6;;;;;;;;;;;;;;13;;;;;;;;;FAUX;FAUX;;;0;0;0;0;0;0;0;0;;0;0;;;;
27/10/2024;;;VRAI;;ATEEZ - Halazia;7;New Jeans - Hype Boy;3;BabyMonster - Like That;9;;;;;2;;;;;;;;;;;;;;;;;;FAUX;FAUX;;;0;0;0;0;0;0;0;0;;0;0;;;;
28/10/2024;;;VRAI;;ATEEZ - Halazia;11;New Jeans - Hype Boy;9;BabyMonster - Like That;9;;;;;;Aespa - Whiplash;21;;;;;;;22;;;;;;;;;FAUX;FAUX;;;0;0;0;0;0;0;0;0;0;0;0;;;;
29/10/2024;;;VRAI;;ATEEZ - Halazia;23;New Jeans - Hype Boy;5;BabyMonster - Like That;12;;;;;;Aespa - Whiplash;10;;;3;;;;;;;;;;;;;FAUX;FAUX;;;0;0;0;0;0;0;0;0;;0;0;;;;
30/10/2024;;;VRAI;3;ATEEZ - Halazia;10;New Jeans - Hype Boy;7;BabyMonster - Like That;5;;;;;12;HARRY STYLES - Adore You;11;;;8;;;;;;;;;;;;;FAUX;FAUX;;;0;0;0;0;0;0;0;0;;0;0;;;;
31/10/2024;;;VRAI;;HARRY STYLES - Adore You;24;Aespa - Whiplash;10;;;;;;;6;;;;;;;;;;;;;;;;;;FAUX;FAUX;;;0;0;0;0;0;0;0;0;;0;0;;;;
01/11/2024;;;VRAI;;HARRY STYLES - Adore You;28;Aespa - Whiplash;3;Jay Park - MOMMAE - DAWON;23;;;;;;;;;;;;;;;;;;;;;;;FAUX;FAUX;;;0;0;0;0;0;0;0;0;;0;0;;;;
02/11/2024;;;FAUX;;HARRY STYLES - Adore You;27;Aespa - Whiplash;3;Jay Park - MOMMAE - DAWON;8;;;;;;;;;;8;;5;;;;;;;;;;;FAUX;FAUX;;;0;0;0;0;0;0;0;0;;0;0;;;;
03/11/2024;;;VRAI;;HARRY STYLES - Adore You;26;Aespa - Whiplash;3;Jay Park - MOMMAE - DAWON;19;;;;;;;;;;8;;6;;;;;;;;;;;FAUX;FAUX;;;0;0;0;0;0;0;0;0;;0;0;;;;
04/11/2024;;;VRAI;;HARRY STYLES - Adore You;13;Aespa - Whiplash;2;Jay Park - MOMMAE - DAWON;6;;;;;9;Ariana Grande - Into You;11;;;;;1;10;;;;;;;;;;FAUX;FAUX;;;0;0;0;0;0;0;0;0;;0;0;;;;
05/11/2024;;;VRAI;;HARRY STYLES - Adore You;10;Aespa - Whiplash;2;Jay Park - MOMMAE - DAWON;12;;;;;;Ariana Grande - Into You;17;;;8;;6;;;;;;;;;;;FAUX;FAUX;;;0;0;0;0;0;0;0;0;0;0;0;;;;
06/11/2024;;;VRAI;8;HARRY STYLES - Adore You;5;Badvillain - Badvillain;25;Jay Park - MOMMAE - DAWON;4;;;;;;Ariana Grande - Into You;5;;;;;;13;;;;;;;;;;FAUX;FAUX;;;0;0;0;0;0;0;0;0;;0;0;;;;
07/11/2024;;;VRAI;3;HARRY STYLES - Adore You;9;Badvillain - Badvillain;35;Jay Park - MOMMAE - DAWON;7;;;;;;Ariana Grande - Into You;14;;;8;;5;;;;;;;;;;;FAUX;FAUX;;;0;0;0;0;0;0;0;0;;0;0;;;;
08/11/2024;;;VRAI;;Aespa - Whiplash;6;Badvillain - Badvillain;33;Jay Park - MOMMAE - DAWON;22;;;;;;Ariana Grande - Into You;4;;;;;;;;;;;;;;;;FAUX;FAUX;;;0;0;0;0;0;0;0;0;;0;0;;;;
09/11/2024;;;VRAI;;HARRY STYLES - Adore You;2;Badvillain - Badvillain;5;;;;;;;10;Ariana Grande - Into You;5;;;7;;;;16;;;;;;;;;FAUX;FAUX;;;0;0;0;0;0;0;0;0;;0;0;;;;
10/11/2024;;;FAUX;;;;Badvillain - Badvillain;4;KIOF - Igloo;20;;;;;8;Jay Park - MOMMAE - DAWON;2;;;;;21;;;;;;;;;;;FAUX;FAUX;;;0;0;0;0;0;0;0;0;0;0;0;;;;
11/11/2024;;;VRAI;;Badvillain - Badvillain;8;KIOF - Igloo;11;Ariana Grande - Into You;6;;;;;10;Jay Park - MOMMAE - DAWON;9;Ateez - Crazy Form;19;10;;;10;;;;;;;;;;FAUX;FAUX;;;0;0;0;0;0;0;0;0;;0;0;;;;
12/11/2024;;;FAUX;;Ateez - Crazy Form;49;Aespa - Whiplash;3;Ariana Grande - Into You;3;;;;;;Jay Park - MOMMAE - DAWON;4;;;;;12;;;;;;;;;;;FAUX;FAUX;;;0;0;0;0;0;0;0;0;;0;0;;;;
13/11/2024;;;VRAI;4;KIOF - Igloo;5;Aespa - Whiplash;8;Ariana Grande - Into You;10;;;;;;Jay Park - MOMMAE - DAWON;10;Badvillain - Badvillain;4;;;6;;;;;;;;;;;FAUX;FAUX;;;0;0;0;0;0;0;0;0;;0;0;;;;
14/11/2024;;;VRAI;;KIOF - Igloo;2;Ateez - Crazy Form;8;;;;;;;;;;;;;;;;;60;;;;;;;;FAUX;FAUX;;;0;0;0;0;0;0;0;0;0;0;0;;;;
15/11/2024;;;VRAI;;;;;;;;;;;;;;;;;;;;;;;;;;;;;;FAUX;FAUX;;;0;0;0;0;0;0;0;0;;0;0;;;;
16/11/2024;;;FAUX;;KIOF - Igloo;2;Badvillain - Badvillain;4;HARRY STYLES - Adore You;3;;;;;;Ateez - Crazy Form;7;;;;;;;;;;;;;;;;FAUX;FAUX;;;0;0;0;0;0;0;0;0;;0;0;;;;
17/11/2024;;;VRAI;;KIOF - Igloo;2;Badvillain - Badvillain;2;HARRY STYLES - Adore You;4;;;;;;Ateez - Crazy Form;5;;;;;;;;;;;;;;;;FAUX;FAUX;;;0;0;0;0;0;0;0;0;;0;0;;;;
18/11/2024;;;FAUX;;HARRY STYLES - Adore You;10;Ateez - Crazy Form;11;Badvillain - Badvillain;5;;;;;8;KIOF - Igloo;2;;;;;;17;;;;;;;;;;FAUX;FAUX;;;0;0;0;0;0;0;0;0;;0;0;;;;
19/11/2024;;;FAUX;;HARRY STYLES - Adore You;8;Ateez - Crazy Form;13;Badvillain - Badvillain;1;;;;;;KIOF - Igloo;5;Ten - Nightwalker;11;9;;;11;;;;;;;;;;FAUX;FAUX;;;0;0;0;0;0;0;0;0;;0;0;;;;
20/11/2024;;;VRAI;2;HARRY STYLES - Adore You;14;Badvillain - Badvillain;9;KIOF - Igloo;4;;;;;8;Ten - Nightwalker;27;;;;;;;;;;;;;;;;FAUX;FAUX;;;0;0;0;0;0;0;0;0;;0;0;;;;
21/11/2024;;;VRAI;;Ten - Nightwalker;38;Ateez - Crazy Form;9;;;;;;;;;;;;15;;;;;;;;;;;;;FAUX;FAUX;;;0;0;0;0;0;0;0;0;0;0;0;;;;
22/11/2024;;;VRAI;;Ten - Nightwalker;16;Ateez - Crazy Form;4;;;;;;;;;;;;;;;;;60;;;;;;;;FAUX;FAUX;;;0;0;0;0;0;0;0;0;;0;0;;;;
23/11/2024;;;VRAI;;Ten - Nightwalker;34;;;;;;;;;5;;;;;5;;;;;;;;;;;;;FAUX;FAUX;;;0;0;0;0;0;0;0;0;;0;0;;;;
24/11/2024;;;VRAI;;Ten - Nightwalker;30;Ateez - Crazy Form;9;;;;;;;;;;;;13;;;;;;;;;;;;;FAUX;FAUX;;;0;0;0;0;0;0;0;0;;0;0;;;;
25/11/2024;;;VRAI;;Ten - Nightwalker;25;Ateez - Crazy Form;14;;;;;;;;;;;;11;;;;16;;;;;;;;;FAUX;FAUX;;;0;0;0;0;0;0;0;0;;0;0;;;;
26/11/2024;;;VRAI;;Ten - Nightwalker;10;Ateez - Crazy Form;7;;;;;;;;;;;;12;;;23;;;;;;;;;;FAUX;FAUX;;;0;0;0;0;0;0;0;0;;0;0;;;;
27/11/2024;;;VRAI;;BabyMonster - Drip;17;;;;;;;;;;;;;;;;;;25;;;;;;;;;FAUX;FAUX;;;0;0;0;0;0;0;0;0;;0;0;;;;
28/11/2024;;;VRAI;;BabyMonster - Drip;9;Ten - Nightwalker;7;Ateez - Crazy Form;11;;;;;;;;;;;;;;23;;;;;;;;;FAUX;FAUX;;;0;0;0;0;0;0;0;0;0;0;0;;;;
29/11/2024;;;VRAI;;BabyMonster - Drip;2;Ten - Nightwalker;7;;;;;;;;;;;;;;;;;60;;;;;;;;FAUX;FAUX;;;0;0;0;0;0;0;0;0;;0;0;;;;
30/11/2024;;;VRAI;;BabyMonster - Drip;4;Ten - Nightwalker;11;Bibi - Vengeance;12;;;;;;;;;;;;;;28;;;;;;;;;FAUX;FAUX;;;0;0;0;0;0;0;0;0;;0;0;;;;
01/12/2024;;;VRAI;;BabyMonster - Drip;4;Ten - Nightwalker;7;Bibi - Vengeance;11;;;;;6;;;;;11;;;20;;;;;;;;;;FAUX;FAUX;;;0;0;0;0;0;0;0;0;;0;0;;;;
02/12/2024;;;VRAI;3;Ten - Nightwalker;22;BabyMonster - Drip;4;Ed Sheeran - Shape of You;24;;;;;3;;;;;;;;;;35;;;;;;;;FAUX;FAUX;;;0;0;0;0;0;0;0;0;;0;0;;;;
03/12/2024;;;FAUX;;Bibi - Vengeance;8;Ed Sheeran - Shape of You;40;Ateez - Crazy Form;8;;;;;;;;;;21;;;;12;;;;;;;;;FAUX;FAUX;;;0;0;0;0;0;0;0;0;;0;0;;;;
04/12/2024;;;VRAI;;Ed Sheeran - Shape of You;21;Bibi - Vengeance;2;;;;;;;;;;;;;;;;;;;;;;;;;FAUX;FAUX;;;0;0;0;0;0;0;0;0;;0;0;;;;
05/12/2024;;;VRAI;;Ed Sheeran - Shape of You;15;Ateez - Crazy Form;12;;;;;;;;;;;;;;25;;;60;;;;;;;;FAUX;FAUX;;;0;0;0;0;0;0;0;0;0;0;0;;;;
06/12/2024;;;VRAI;;Ed Sheeran - Shape of You;16;Bibi - Vengeance;8;Exo - The Eve;11;;;;;;;;;;10;;;;15;;;;;;;;;FAUX;FAUX;;;0;0;0;0;0;0;0;0;;0;0;;;;
07/12/2024;;;VRAI;;Exo - The Eve;20;Ed Sheeran - Shape of You;5;Bibi - Vengeance;9;;;;;;Ateez - Crazy Form;4;;;;;;22;;;;;;;;;;FAUX;FAUX;;;0;0;0;0;0;0;0;0;;0;0;;;;
08/12/2024;;;VRAI;;Exo - The Eve;5;Ed Sheeran - Shape of You;5;Bibi - Vengeance;4;;;;;;Ateez - Crazy Form;10;;;9;;;;16;;;;;;;;;FAUX;FAUX;;;0;0;0;0;0;0;0;0;;0;0;;;;
09/12/2024;;;FAUX;;Exo - The Eve;6;Ed Sheeran - Shape of You;3;Bibi - Vengeance;2;;;;;;;;;;;;;;11;35;;;;;;;;FAUX;FAUX;;;0;0;0;0;0;0;0;0;;0;0;;;;
10/12/2024;;;VRAI;;;;;;;;;;;;;;;;;;;;;;;;;;;;;;FAUX;FAUX;;;0;0;0;0;0;0;0;0;0;0;0;;;;
11/12/2024;;;FAUX;;Exo - The Eve;13;Ed Sheeran - Shape of You;11;Bibi - Vengeance;7;;;;;;Ateez - Crazy Form;17;;;;;;;;;;;;;;;;FAUX;FAUX;;;0;0;0;0;0;0;0;0;;0;0;;;;
12/12/2024;;;FAUX;;Exo - The Eve;2;Ed Sheeran - Shape of You;2;;;;;;;;;;;;;;;;;45;;;;;;;;FAUX;FAUX;;;0;0;0;0;0;0;0;0;;0;0;;;;
13/12/2024;;;VRAI;;Exo - The Eve;3;Ed Sheeran - Shape of You;2;Bibi - Vengeance;3;;;;;7;Ateez - Crazy Form;8;;;10;;16;;12;;;;;;;;;FAUX;FAUX;;;0;0;0;0;0;0;0;0;;0;0;;;;
14/12/2024;;;FAUX;;;;Ed Sheeran - Shape of You;2;;;;;;;10;Ateez - Crazy Form;3;;;;;;21;;;;;;;;;;FAUX;FAUX;;;0;0;0;0;0;0;0;0;0;0;0;;;;
15/12/2024;;;VRAI;;;;;;;;;;;;;;;;;5;;;;22;;;;;;;;;FAUX;FAUX;;;0;0;0;0;0;0;0;0;;0;0;;;;
16/12/2024;;;FAUX;;;;;;;;;;;;;;;;;;;;;14;50;;;;;;;;FAUX;FAUX;;;0;0;0;0;0;0;0;0;;0;0;;;;
17/12/2024;;;VRAI;;Exo - The Eve;2;Ed Sheeran - Shape of You;5;Bibi - Vengeance;2;;;;;;;;;;11;;16;;;;;;;;;;;FAUX;FAUX;;;0;0;0;0;0;0;0;0;;0;0;;;;
18/12/2024;;;FAUX;;Exo - The Eve;9;Ed Sheeran - Shape of You;10;Bibi - Vengeance;10;;;;;6;Ateez - Crazy Form;13;;;;;;;;;;;;;;;;FAUX;FAUX;;;0;0;0;0;0;0;0;0;;0;0;;;;
19/12/2024;;;VRAI;;;;;;;;;;;;;;;;;11;;;;20;;;;;;;;;FAUX;FAUX;;;0;0;0;0;0;0;0;0;;0;0;;;;
20/12/2024;;;VRAI;;;;;;;;;;;;;;;;;;;;;;;;;;;;;;FAUX;FAUX;;;0;0;0;0;0;0;0;0;;0;0;;;;
21/12/2024;;;FAUX;;;;;;;;;;;;;;;;;;;;11;;;;;;;;;;FAUX;FAUX;;;0;0;0;0;0;0;0;0;0;0;0;;;;
22/12/2024;;;VRAI;;;;;;;;;;;;;;;;;;;;;;;;;;;;;;FAUX;FAUX;;;0;0;0;0;0;0;0;0;;0;0;;;;
23/12/2024;;;VRAI;;;;;;;;;;;;;;;;;11;;4;;;;;;;;;;;FAUX;FAUX;;;0;0;0;0;0;0;0;0;;0;0;;;;
24/12/2024;;;VRAI;;;;;;;;;;;;;;;;;10;;5;;;;;;;;;;;FAUX;FAUX;;;0;0;0;0;0;0;0;0;;0;0;;;;
25/12/2024;;;FAUX;;;;;;;;;;;;;;;;;;;10;;;;;;;;;;;FAUX;FAUX;;;0;0;0;0;0;0;0;0;;0;0;;;;
26/12/2024;;;VRAI;;;;;;;;;;;;;;;;;;;;;;;;;;;;;;FAUX;FAUX;;;0;0;0;0;0;0;0;0;;0;0;;;;
27/12/2024;;;FAUX;;Stray kids - Walking on water;32;Pixy - Karma;6;;;;;;;;;;;;;;;;;;;;;;;;;FAUX;FAUX;;;0;0;0;0;0;0;0;0;;0;0;;;;
28/12/2024;;;FAUX;;Stray kids - Walking on water;9;Sunmi - Gashina;15;;;;;;;;;;;;;;;;;;;;;;;;;FAUX;FAUX;;;0;0;0;0;0;0;0;0;0;0;0;;;;
29/12/2024;;;FAUX;;;;;;;;;;;;;;;;;10;;;;10;;;;;;;;;FAUX;FAUX;;;0;0;0;0;0;0;0;0;;0;0;;;;
30/12/2024;;;FAUX;;Sunmi - Gashina;10;Stray kids - Walking on water;7;;;;;;;;;;;;10;;;10;;;;;;;;;;FAUX;FAUX;;;0;0;0;0;0;0;0;0;;0;0;;;;
31/12/2024;;;VRAI;;Sunmi - Gashina;3;Stray kids - Walking on water;1;;;;;;;;;;;;;;20;;;;;;;;;;;FAUX;FAUX;;;0;0;0;0;0;0;0;0;;0;0;;;;
;;;VRAI;;;;;;;;;;;;;;;;;;;;;;;;;;;;;;;;;;;;;;;;;;;;;;;;
