episode_id,uuid,vote_key,user_id,movie_name,series_name,season_number,episode_number
0,4a591eb3-1528-4ca7-b425-dc836cad17bf,4a591eb3-1528-4ca7-b425-dc836cad17bf-64798203-28,64798203,Des jours meilleurs,,,
0,373dea32-0aa6-4e3d-bee5-ae0f58b6de6c,373dea32-0aa6-4e3d-bee5-ae0f58b6de6c-64798203-28,64798203,In the Heights,,,
0,57c5d108-710a-43fd-947b-a915b454a21f,57c5d108-710a-43fd-947b-a915b454a21f-64798203-27,64798203,Sous la Seine,,,
0,dc04e3e2-4fd6-46d0-8ec7-a0d565c10d2f,dc04e3e2-4fd6-46d0-8ec7-a0d565c10d2f-64798203-28,64798203,Connemara,,,
0,e6709677-59fd-40d4-a1eb-442a50e1e29b,e6709677-59fd-40d4-a1eb-442a50e1e29b-64798203-29,64798203,Le Comte de Monte-Cristo,,,
0,775e107d-a8ec-4639-aa5c-3f59156b562c,775e107d-a8ec-4639-aa5c-3f59156b562c-64798203-29,64798203,Calle Málaga,,,
0,8ed79c61-2216-477a-a52e-871d7895ca2b,8ed79c61-2216-477a-a52e-871d7895ca2b-64798203-29,64798203,Avatar: The Way of Water,,,
0,806dfa10-ad40-4e60-a878-ba49a8326f03,806dfa10-ad40-4e60-a878-ba49a8326f03-64798203-3,64798203,Everything Everywhere All at Once,,,
0,60fd323f-2b12-4740-bebe-30778f6422d2,60fd323f-2b12-4740-bebe-30778f6422d2-64798203-3,64798203,Last Night in Soho,,,
0,e943ce86-78dc-40fc-9c56-786fda634124,e943ce86-78dc-40fc-9c56-786fda634124-64798203-29,64798203,Downton Abbey,,,
0,903a576e-a716-4abc-b69b-3a1003d9d5af,903a576e-a716-4abc-b69b-3a1003d9d5af-64798203-29,64798203,The Devil Wears Prada,,,
0,bdd4106b-5aca-464f-913f-0bc21ae75343,bdd4106b-5aca-464f-913f-0bc21ae75343-64798203-27,64798203,Rebuilding,,,
0,d87bee8e-bac6-438b-9238-0a36034b831a,d87bee8e-bac6-438b-9238-0a36034b831a-64798203-1,64798203,The Knight Before Christmas,,,
0,84143963-aa82-4f10-929d-111663bdb2fc,84143963-aa82-4f10-929d-111663bdb2fc-64798203-29,64798203,Poor Things,,,
0,01d4581e-5764-4597-aad9-46fadc47ae62,01d4581e-5764-4597-aad9-46fadc47ae62-64798203-28,64798203,The Batman,,,
0,6ae3f423-3edb-4f7d-9a66-3bf9a6215782,6ae3f423-3edb-4f7d-9a66-3bf9a6215782-64798203-28,64798203,狗阵,,,
0,2a87f153-781b-47fc-bad7-2dc7f97d89c6,2a87f153-781b-47fc-bad7-2dc7f97d89c6-64798203-27,64798203,The Zone of Interest,,,
0,c190620c-bac7-4de4-9326-383c6be8b934,c190620c-bac7-4de4-9326-383c6be8b934-64798203-1,64798203,Club Zero,,,
0,e14071a7-8cb0-470a-8440-3c09655e3191,e14071a7-8cb0-470a-8440-3c09655e3191-64798203-29,64798203,Theater Camp,,,
0,abfaf958-3441-4356-9d0b-50db5ea8ab60,abfaf958-3441-4356-9d0b-50db5ea8ab60-64798203-29,64798203,La Pampa,,,
0,749dd0ef-bb4e-4a60-9ead-b398a3a755d5,749dd0ef-bb4e-4a60-9ead-b398a3a755d5-64798203-29,64798203,Monsieur Aznavour,,,
0,54fe8e61-5142-4f12-9f74-560206303205,54fe8e61-5142-4f12-9f74-560206303205-64798203-3,64798203,Rental Family,,,
0,08498a84-69a4-4940-9b76-e941955f4419,08498a84-69a4-4940-9b76-e941955f4419-64798203-28,64798203,Love Lies Bleeding,,,
0,acd27cf1-8797-4672-b97f-2cddf9deacf7,acd27cf1-8797-4672-b97f-2cddf9deacf7-64798203-27,64798203,Persuasion,,,
0,3f64952b-b92e-4992-9aa5-ed6577a8996f,3f64952b-b92e-4992-9aa5-ed6577a8996f-64798203-28,64798203,Bob Marley: One Love,,,
0,62b9fa50-bc85-4227-8f88-427cb10b5761,62b9fa50-bc85-4227-8f88-427cb10b5761-64798203-28,64798203,Freakier Friday,,,
0,eeca34eb-a4c3-4e35-be6e-6c31f875ce56,eeca34eb-a4c3-4e35-be6e-6c31f875ce56-64798203-28,64798203,Home Alone,,,
0,cbe70df2-52dc-4c9b-8266-056446938996,cbe70df2-52dc-4c9b-8266-056446938996-64798203-28,64798203,یک تصادف ساده,,,
0,7c5d59d9-4a74-46d8-b0df-741e3ec495ac,7c5d59d9-4a74-46d8-b0df-741e3ec495ac-64798203-28,64798203,20세기소녀,,,
0,2a344bf3-5f29-4b28-b479-df0242870e0d,2a344bf3-5f29-4b28-b479-df0242870e0d-64798203-28,64798203,Chien 51,,,
0,63e60b10-630b-4b01-b95a-93ff0bd89bfe,63e60b10-630b-4b01-b95a-93ff0bd89bfe-64798203-3,64798203,Project Hail Mary,,,
0,b3a8b892-d160-4934-b69f-f0cea346af21,b3a8b892-d160-4934-b69f-f0cea346af21-64798203-28,64798203,Argylle,,,
0,7ef0a9b9-e6b3-4972-b0b1-1f4a5da50a26,7ef0a9b9-e6b3-4972-b0b1-1f4a5da50a26-64798203-28,64798203,คนหิว เกมกระหาย,,,
0,2b9a44f9-2f87-4253-a9e3-f7c077b9b1cf,2b9a44f9-2f87-4253-a9e3-f7c077b9b1cf-64798203-28,64798203,Marie-Line et son juge,,,
0,8225f438-4146-43a3-b408-605c8af1e8fd,8225f438-4146-43a3-b408-605c8af1e8fd-64798203-27,64798203,The Phantom of the Opera,,,
0,98bffba0-272a-49a9-9817-e9d3d02ba77b,98bffba0-272a-49a9-9817-e9d3d02ba77b-64798203-28,64798203,The Braid,,,
0,a2cf0ae2-dbef-4506-b001-1b9e5261ec20,a2cf0ae2-dbef-4506-b001-1b9e5261ec20-64798203-29,64798203,La Petite dernière,,,
0,03152034-a8ec-4d40-a18c-9dd1cecec6fa,03152034-a8ec-4d40-a18c-9dd1cecec6fa-64798203-28,64798203,The Super Mario Bros. Movie,,,
0,224918a8-3c7c-4bc2-804b-0d2c084d5e16,224918a8-3c7c-4bc2-804b-0d2c084d5e16-64798203-29,64798203,L'Accident de Piano,,,
0,680456ad-78b1-453b-9005-a376faabb5ab,680456ad-78b1-453b-9005-a376faabb5ab-64798203-28,64798203,The Blues Brothers,,,
0,139c9b2c-4b90-4eb9-ac90-ec69ea6d0bde,139c9b2c-4b90-4eb9-ac90-ec69ea6d0bde-64798203-29,64798203,Asteroid City,,,
0,2de6a60c-d66f-40a3-bfb5-56cb2cc8741e,2de6a60c-d66f-40a3-bfb5-56cb2cc8741e-64798203-28,64798203,Fanon,,,
0,bcd516ce-f4b8-4d20-9525-3eb194dc4d10,bcd516ce-f4b8-4d20-9525-3eb194dc4d10-64798203-3,64798203,La Nuit du 12,,,
0,988832d5-03f2-4599-83bd-e85cc22bd0cb,988832d5-03f2-4599-83bd-e85cc22bd0cb-64798203-27,64798203,Monty Python and the Holy Grail,,,
0,ddca1056-0f21-4147-bd26-5b617b28a6c1,ddca1056-0f21-4147-bd26-5b617b28a6c1-64798203-1,64798203,Wish,,,
0,0c2975f5-e12c-4752-b0c8-aa46cf7c1397,0c2975f5-e12c-4752-b0c8-aa46cf7c1397-64798203-3,64798203,千と千尋の神隠し,,,
0,33c2b067-9b51-4a0f-96d3-621f1feff1e7,33c2b067-9b51-4a0f-96d3-621f1feff1e7-64798203-28,64798203,Le Roi Soleil,,,
0,065d1be0-052b-4ebc-a805-1c1b55168411,065d1be0-052b-4ebc-a805-1c1b55168411-64798203-27,64798203,Le Tableau volé,,,
0,a818c5a1-79e1-4d1f-9928-9d6f6fabd355,a818c5a1-79e1-4d1f-9928-9d6f6fabd355-64798203-29,64798203,The Last Stop in Yuma County,,,
0,d50129a9-d630-4ec3-8162-48b1150689eb,d50129a9-d630-4ec3-8162-48b1150689eb-64798203-27,64798203,劇場版「鬼滅の刃」無限城編 第一章 猗窩座再来,,,
0,fb7f9efe-7cbd-46b2-9f2a-0ccaf8eda44a,fb7f9efe-7cbd-46b2-9f2a-0ccaf8eda44a-64798203-29,64798203,The Phoenician Scheme,,,
0,67215e3d-5090-458b-8180-02216fd6135c,67215e3d-5090-458b-8180-02216fd6135c-64798203-3,64798203,Klaus,,,
0,50f035ff-35fd-44a8-99e5-c574398d2c86,50f035ff-35fd-44a8-99e5-c574398d2c86-64798203-27,64798203,Marcel et Monsieur Pagnol,,,
0,bec5cf5e-da6e-4fa0-8d92-0fd9cc6da3e4,bec5cf5e-da6e-4fa0-8d92-0fd9cc6da3e4-64798203-27,64798203,Pour le meilleur,,,
0,722479e6-ad35-49dc-8cd3-cc7f47174599,722479e6-ad35-49dc-8cd3-cc7f47174599-64798203-28,64798203,Retour à Séoul,,,
0,ad788a4c-7f0a-41ee-8df3-3991c98b30d7,ad788a4c-7f0a-41ee-8df3-3991c98b30d7-64798203-28,64798203,The Fly,,,
0,ece0589d-ad8f-4811-a3d9-4fcbc87cb324,ece0589d-ad8f-4811-a3d9-4fcbc87cb324-64798203-27,64798203,Hypnotic,,,
0,95daa4b6-3c6c-4751-ae88-7921f5d4d77c,95daa4b6-3c6c-4751-ae88-7921f5d4d77c-64798203-1,64798203,Nocturnal Animals,,,
0,7cd7ff4f-3d0d-4fea-b3e5-7b884a4a184f,7cd7ff4f-3d0d-4fea-b3e5-7b884a4a184f-64798203-29,64798203,One Life,,,
0,17166ad6-831d-4bf6-ae37-8d49144075e1,17166ad6-831d-4bf6-ae37-8d49144075e1-64798203-28,64798203,Lisa Frankenstein,,,
0,a25c2f2e-03f1-4054-a38c-cc2775fb411d,a25c2f2e-03f1-4054-a38c-cc2775fb411d-64798203-27,64798203,Work It,,,
0,e3181b7b-3b53-48e4-bec1-dd5b970f0f89,e3181b7b-3b53-48e4-bec1-dd5b970f0f89-64798203-3,64798203,The Secret Life of Walter Mitty,,,
0,bfea00cd-5826-4b23-8f34-bf564a612988,bfea00cd-5826-4b23-8f34-bf564a612988-64798203-3,64798203,8 Mile,,,
0,c28561d9-b5a4-497c-b201-52806b0b7089,c28561d9-b5a4-497c-b201-52806b0b7089-64798203-29,64798203,The Fall Guy,,,
0,75f26a3b-9428-4603-81ba-eb216d6e20fc,75f26a3b-9428-4603-81ba-eb216d6e20fc-64798203-28,64798203,Paris Is Burning,,,
0,3fdb5a88-bd37-4da3-b775-d868292fbb0d,3fdb5a88-bd37-4da3-b775-d868292fbb0d-64798203-3,64798203,The Prestige,,,
0,3d4f9db8-8958-421f-9ca3-05668261a275,3d4f9db8-8958-421f-9ca3-05668261a275-64798203-29,64798203,September 5,,,
0,6178b99d-302f-4b77-a638-0c56a224fc3d,6178b99d-302f-4b77-a638-0c56a224fc3d-64798203-28,64798203,Les femmes au balcon,,,
0,d1568fee-9780-4d1d-a0ac-a20cf7748f14,d1568fee-9780-4d1d-a0ac-a20cf7748f14-64798203-29,64798203,Companion,,,
0,9b2d3989-8708-4367-a9bd-0f76b0ea9bb2,9b2d3989-8708-4367-a9bd-0f76b0ea9bb2-64798203-28,64798203,Familiar Touch,,,
0,351831e0-5d67-4d59-9667-67a7f2370514,351831e0-5d67-4d59-9667-67a7f2370514-64798203-29,64798203,The Drama,,,
0,63583ca2-a694-455a-a486-ba464204958c,63583ca2-a694-455a-a486-ba464204958c-64798203-27,64798203,Le Manoir,,,
0,0b81232e-1cd9-46aa-9ff4-d2b56836c67a,0b81232e-1cd9-46aa-9ff4-d2b56836c67a-64798203-27,64798203,The Twilight Saga: New Moon,,,
0,59c08a11-3f71-458f-806f-aa884483fc8d,59c08a11-3f71-458f-806f-aa884483fc8d-64798203-29,64798203,A Big Bold Beautiful Journey,,,
0,7474275d-7e78-44c0-b289-751e3af5080d,7474275d-7e78-44c0-b289-751e3af5080d-64798203-27,64798203,새콤달콤,,,
0,8ef12c09-c030-4ccf-ba3e-ed313393a427,8ef12c09-c030-4ccf-ba3e-ed313393a427-64798203-28,64798203,Dune: Part One,,,
0,dfc58664-167c-44f9-9c42-91b8c0ffff6b,dfc58664-167c-44f9-9c42-91b8c0ffff6b-64798203-29,64798203,The Bad Guys 2,,,
0,36121448-bbf4-4b7f-8def-d311b995a6d3,36121448-bbf4-4b7f-8def-d311b995a6d3-64798203-28,64798203,Priscilla,,,
0,1ae64cbd-12a7-4d8f-95d2-52846ea8969c,1ae64cbd-12a7-4d8f-95d2-52846ea8969c-64798203-3,64798203,피터팬의 꿈,,,
0,e2d0b1e2-fa08-4ca1-99c5-f370edacf7da,e2d0b1e2-fa08-4ca1-99c5-f370edacf7da-64798203-28,64798203,Dìdi,,,
0,5ff46212-225f-440b-b1fd-b34f98754ebe,5ff46212-225f-440b-b1fd-b34f98754ebe-64798203-3,64798203,Little Miss Sunshine,,,
0,a6ad1268-4aea-4f7e-bbfd-07839ee5a1d5,a6ad1268-4aea-4f7e-bbfd-07839ee5a1d5-64798203-29,64798203,The Rocky Horror Picture Show,,,
0,94d96137-aac6-469e-b695-5a3796d978a2,94d96137-aac6-469e-b695-5a3796d978a2-64798203-28,64798203,Beetlejuice,,,
0,55a2f374-66e3-40eb-8814-faccd0c89f75,55a2f374-66e3-40eb-8814-faccd0c89f75-64798203-29,64798203,Emilia Pérez,,,
0,627dde5c-dfc2-436f-99ac-418c223e9511,627dde5c-dfc2-436f-99ac-418c223e9511-64798203-28,64798203,Now You See Me: Now You Don't,,,
0,aa3a43f2-fa9a-4a71-9298-ce0c9bfb3123,aa3a43f2-fa9a-4a71-9298-ce0c9bfb3123-64798203-28,64798203,Wonka,,,
0,03938bb2-029e-4edb-bec0-2ae0266a2376,03938bb2-029e-4edb-bec0-2ae0266a2376-64798203-29,64798203,Anora,,,
0,2d31fcc3-0d05-4f99-91e7-a9ba25649a72,2d31fcc3-0d05-4f99-91e7-a9ba25649a72-64798203-29,64798203,La Maison des femmes,,,
0,ea2c6fa3-053f-4cc3-b34c-9bcf519b695f,ea2c6fa3-053f-4cc3-b34c-9bcf519b695f-64798203-28,64798203,Spider-Man: Far From Home,,,
0,9f609289-823c-4925-9333-4eb6d0264012,9f609289-823c-4925-9333-4eb6d0264012-64798203-28,64798203,We Live In Time,,,
0,0e46a429-aa2b-4374-b0cc-711f6cb0313b,0e46a429-aa2b-4374-b0cc-711f6cb0313b-64798203-29,64798203,Confidente,,,
0,9adb5ec5-a5c7-4cc8-8b10-b69f8944bfbf,9adb5ec5-a5c7-4cc8-8b10-b69f8944bfbf-64798203-3,64798203,Oppenheimer,,,
0,00e84db8-d5fe-47c9-891d-07b87dc621e8,00e84db8-d5fe-47c9-891d-07b87dc621e8-64798203-29,64798203,F1,,,
0,bbe9a23b-ee4b-417f-bc64-58e1bfae507d,bbe9a23b-ee4b-417f-bc64-58e1bfae507d-64798203-3,64798203,ある男,,,
0,c61ffc3e-fdba-4748-a43f-029f1494b26a,c61ffc3e-fdba-4748-a43f-029f1494b26a-64798203-28,64798203,君たちはどう生きるか,,,
0,ac114e0f-46b0-4774-91f6-08d7e81cf040,ac114e0f-46b0-4774-91f6-08d7e81cf040-64798203-28,64798203,悪は存在しない,,,
0,2ad1d9e5-f540-4f2c-a613-9aa7f6cf73ff,2ad1d9e5-f540-4f2c-a613-9aa7f6cf73ff-64798203-28,64798203,Ainda Estou Aqui,,,
0,30ecc384-0bd3-48bd-8f95-07d661ce6c38,30ecc384-0bd3-48bd-8f95-07d661ce6c38-64798203-27,64798203,Twilight,,,
0,813131fa-20a3-44f3-8c69-30f5c9422ada,813131fa-20a3-44f3-8c69-30f5c9422ada-64798203-29,64798203,보통의 가족,,,
0,7c141876-8bdd-483e-a8d3-32f5a2eb6caf,7c141876-8bdd-483e-a8d3-32f5a2eb6caf-64798203-28,64798203,The Color Purple,,,
0,8cfb0b06-8564-470e-b42e-475286ae60b3,8cfb0b06-8564-470e-b42e-475286ae60b3-64798203-29,64798203,Michael,,,
0,724d75e3-5d7c-4af6-a6b4-5f331cd4d0af,724d75e3-5d7c-4af6-a6b4-5f331cd4d0af-64798203-28,64798203,Dune: Part Two,,,
0,b7c658cc-d561-4129-9b68-ddddc50547c7,b7c658cc-d561-4129-9b68-ddddc50547c7-64798203-28,64798203,Deadpool & Wolverine,,,
0,4142a685-77dc-413b-853d-b6a3cee3d645,4142a685-77dc-413b-853d-b6a3cee3d645-64798203-3,64798203,I Swear,,,
0,2e33fe62-b859-46ae-b72e-8e26d4ab37e1,2e33fe62-b859-46ae-b72e-8e26d4ab37e1-64798203-29,64798203,Dalloway,,,
0,13b9af24-e494-423a-8d88-0f4f92b1d912,13b9af24-e494-423a-8d88-0f4f92b1d912-64798203-29,64798203,Dumb Money,,,
0,043ba8c4-f26c-49a4-b028-f8725dbd6aad,043ba8c4-f26c-49a4-b028-f8725dbd6aad-64798203-29,64798203,เรดไลฟ์,,,
0,a99aa70b-c241-4808-b9d6-131d73b16b3e,a99aa70b-c241-4808-b9d6-131d73b16b3e-64798203-28,64798203,The Boat That Rocked,,,
0,aca450f1-d507-4cf0-8b16-2047b2dad136,aca450f1-d507-4cf0-8b16-2047b2dad136-64798203-29,64798203,Arco,,,
0,deed5532-3ac6-4117-b75f-63363e89d4f5,deed5532-3ac6-4117-b75f-63363e89d4f5-64798203-28,64798203,Moana 2,,,
0,435cf819-bcc7-4eeb-a6f9-980fc7443621,435cf819-bcc7-4eeb-a6f9-980fc7443621-64798203-3,64798203,Whiplash,,,
0,732acc39-23f3-4836-9575-623bbc5a6a73,732acc39-23f3-4836-9575-623bbc5a6a73-64798203-29,64798203,"Love, Simon",,,
0,c5c67fdc-50d2-4bfc-8cb5-3f7b1938aea6,c5c67fdc-50d2-4bfc-8cb5-3f7b1938aea6-64798203-28,64798203,"Ma mère, Dieu et Sylvie Vartan",,,
0,a0c7335d-68ba-4eb6-a409-dbabd934789f,a0c7335d-68ba-4eb6-a409-dbabd934789f-64798203-27,64798203,Metal Lords,,,
0,a611f9ac-9a8e-416a-b0d7-be574f0de19e,a611f9ac-9a8e-416a-b0d7-be574f0de19e-64798203-28,64798203,リバー、流れないでよ,,,
0,61be6ff7-d472-4c4b-840e-26f0a7a16482,61be6ff7-d472-4c4b-840e-26f0a7a16482-64798203-29,64798203,Le Consentement,,,
0,a3b12f56-415b-4148-9af7-dd3a6ce6b37b,a3b12f56-415b-4148-9af7-dd3a6ce6b37b-64798203-29,64798203,West Side Story,,,
0,3a22e0c9-e52b-464f-9b27-b995a3690891,3a22e0c9-e52b-464f-9b27-b995a3690891-64798203-28,64798203,Bird,,,
0,2d4ab44f-b844-4feb-a20a-634b6d586a02,2d4ab44f-b844-4feb-a20a-634b6d586a02-64798203-28,64798203,How the Grinch Stole Christmas,,,
0,799d129a-db94-48f7-b784-79553deb7d49,799d129a-db94-48f7-b784-79553deb7d49-64798203-3,64798203,左撇子女孩,,,
0,0721fb3e-ef79-4a6d-ab3d-0cdd7a34e089,0721fb3e-ef79-4a6d-ab3d-0cdd7a34e089-64798203-1,64798203,The Twilight Saga: Breaking Dawn - Part 1,,,
0,e5619027-8385-47d6-963b-024344c4f72f,e5619027-8385-47d6-963b-024344c4f72f-64798203-27,64798203,The Twilight Saga: Eclipse,,,
0,889d5437-441c-45f4-a572-44e563639c69,889d5437-441c-45f4-a572-44e563639c69-64798203-29,64798203,Chicago,,,
0,c681e57d-7df2-4d56-b038-ea8181160f02,c681e57d-7df2-4d56-b038-ea8181160f02-64798203-28,64798203,Ma vie de courgette,,,
0,44872b66-533a-471d-a32c-dab181c9e3bd,44872b66-533a-471d-a32c-dab181c9e3bd-64798203-29,64798203,Juror #2,,,
0,15da3646-58e8-4515-93a9-b0ffd34bd76a,15da3646-58e8-4515-93a9-b0ffd34bd76a-64798203-27,64798203,Nos cérémonies,,,
0,9452687a-d609-457f-a800-4fa62f32e3a6,9452687a-d609-457f-a800-4fa62f32e3a6-64798203-28,64798203,The Lost Daughter,,,
0,2b15fbb0-1f38-466b-83e6-1b4b4c12a673,2b15fbb0-1f38-466b-83e6-1b4b4c12a673-64798203-29,64798203,(500) Days of Summer,,,
0,e4a52c43-8016-4a97-aa24-42ffc53712d0,e4a52c43-8016-4a97-aa24-42ffc53712d0-64798203-28,64798203,Imagine Me & You,,,
0,7e645c16-f873-4365-a602-8f54235094b8,7e645c16-f873-4365-a602-8f54235094b8-64798203-28,64798203,Weapons,,,
0,71455fc5-b068-4945-9478-1f5ab970e240,71455fc5-b068-4945-9478-1f5ab970e240-64798203-3,64798203,Je verrai toujours vos visages,,,
0,64e8f2b8-f852-48e4-aeb9-58185c3c7b47,64e8f2b8-f852-48e4-aeb9-58185c3c7b47-64798203-29,64798203,Amélie et la métaphysique des tubes,,,
0,c1b6c7fe-ab9a-4a68-87ad-270c3b93b677,c1b6c7fe-ab9a-4a68-87ad-270c3b93b677-64798203-28,64798203,Teenage Mutant Ninja Turtles: Mutant Mayhem,,,
0,492dfa1c-8820-4c4c-a5fb-233fcbf318e0,492dfa1c-8820-4c4c-a5fb-233fcbf318e0-64798203-29,64798203,Il maestro,,,
0,245c0945-742d-4a2a-8c6a-136985b2d3ec,245c0945-742d-4a2a-8c6a-136985b2d3ec-64798203-28,64798203,Marty Supreme,,,
0,914349d1-b360-4a94-b4b6-197fa8fe8ac7,914349d1-b360-4a94-b4b6-197fa8fe8ac7-64798203-3,64798203,Hidden Figures,,,
0,74b757de-9708-4a23-a42e-aa36929bf1e9,74b757de-9708-4a23-a42e-aa36929bf1e9-64798203-28,64798203,Merve Kült,,,
0,537ea3f1-784c-44a2-a67b-0f2b0f1c1348,537ea3f1-784c-44a2-a67b-0f2b0f1c1348-64798203-28,64798203,Magic Mike,,,
0,49dbd909-d08b-415f-a9e8-4c51c6e6407f,49dbd909-d08b-415f-a9e8-4c51c6e6407f-64798203-28,64798203,Borgo,,,
0,992c1057-4532-4e29-9653-628b71e17563,992c1057-4532-4e29-9653-628b71e17563-64798203-29,64798203,Empire of Light,,,
0,0b31ef9e-e915-4e2e-a650-2674ea98d683,0b31ef9e-e915-4e2e-a650-2674ea98d683-64798203-27,64798203,What Happens in Vegas,,,
0,b9538b45-f5c8-4433-af75-a368cfba1aa6,b9538b45-f5c8-4433-af75-a368cfba1aa6-64798203-29,64798203,"Sorry, Baby",,,
0,5bf6f00a-1e99-4d8b-8cca-039faa86f448,5bf6f00a-1e99-4d8b-8cca-039faa86f448-64798203-28,64798203,Hannah Montana: The Movie,,,
0,fc6f2a04-6c9d-4616-a4ea-aede878f75f5,fc6f2a04-6c9d-4616-a4ea-aede878f75f5-64798203-28,64798203,The Wild Robot,,,
0,910814c2-127a-48ce-89a4-aa0b3567d18a,910814c2-127a-48ce-89a4-aa0b3567d18a-64798203-29,64798203,Mars Express,,,
0,64a608a4-fe51-4c50-8f52-3f0049721669,64a608a4-fe51-4c50-8f52-3f0049721669-64798203-29,64798203,One Battle After Another,,,
0,e542ae47-4e0c-4028-abba-73df0372fd58,e542ae47-4e0c-4028-abba-73df0372fd58-64798203-29,64798203,Wicked,,,
0,7f7f4dd8-dc54-4198-a2ad-2cbc362044d0,7f7f4dd8-dc54-4198-a2ad-2cbc362044d0-64798203-29,64798203,Sinners,,,
0,cb9a6d19-49b2-4252-818d-255a45ca6b25,cb9a6d19-49b2-4252-818d-255a45ca6b25-64798203-3,64798203,DogMan,,,
0,79e201f8-23f7-4983-a1ad-fe0c8a50abdd,79e201f8-23f7-4983-a1ad-fe0c8a50abdd-64798203-29,64798203,Jim Queen à la Recherche de la Chloroqueer,,,
0,dc531088-74a5-4d4a-8536-c38ff444e1ed,dc531088-74a5-4d4a-8536-c38ff444e1ed-64798203-1,64798203,Plane,,,
0,a12e14a4-c12c-4f86-874a-003689900541,a12e14a4-c12c-4f86-874a-003689900541-64798203-29,64798203,"Paris, Texas",,,
0,a411336d-8734-43e2-8752-09d5aef2983e,a411336d-8734-43e2-8752-09d5aef2983e-64798203-29,64798203,浅田家,,,
0,5c539043-3845-4f20-9ffb-f5e62c717938,5c539043-3845-4f20-9ffb-f5e62c717938-64798203-29,64798203,Anatomie d'une chute,,,
0,52995b68-a59b-4fbb-8835-da5f0e785b93,52995b68-a59b-4fbb-8835-da5f0e785b93-64798203-29,64798203,I Love Peru,,,
0,2131acbc-7c3f-42f2-a702-533f176e9bed,2131acbc-7c3f-42f2-a702-533f176e9bed-64798203-3,64798203,Bad Genius,,,
0,a42c0094-ca01-43fe-aac2-9cbc63a8ae19,a42c0094-ca01-43fe-aac2-9cbc63a8ae19-64798203-3,64798203,Suffragette,,,
0,a78d9e93-aa57-464f-9b3b-674d1b23eb07,a78d9e93-aa57-464f-9b3b-674d1b23eb07-64798203-27,64798203,夏へのトンネル、さよならの出口,,,
0,309bf0b4-5d1d-4a9e-a891-9cd7f5ea485b,309bf0b4-5d1d-4a9e-a891-9cd7f5ea485b-64798203-29,64798203,En Fanfare,,,
0,b3705ff4-2018-4b11-8bd7-8c38225b0c1a,b3705ff4-2018-4b11-8bd7-8c38225b0c1a-64798203-27,64798203,Une heure de tranquillité,,,
0,2f6cfd70-9bc6-49f1-b8e7-469004bd11df,2f6cfd70-9bc6-49f1-b8e7-469004bd11df-64798203-3,64798203,Spider-Man: Across the Spider-Verse,,,
0,d8e6102e-b9e4-4717-bb01-70d6243bc952,d8e6102e-b9e4-4717-bb01-70d6243bc952-64798203-28,64798203,Io capitano,,,
0,9c9e6b77-da1d-4871-8ac8-40770c4020dc,9c9e6b77-da1d-4871-8ac8-40770c4020dc-64798203-29,64798203,The Roses,,,
0,5bdb1f17-d186-485d-8007-ae768900518d,5bdb1f17-d186-485d-8007-ae768900518d-64798203-28,64798203,Mr. Malcolm's List,,,
0,c34a3bc0-21ee-4256-8338-08b2ff678c74,c34a3bc0-21ee-4256-8338-08b2ff678c74-64798203-28,64798203,Snerting,,,
0,8fa83a75-be65-4d8f-bc09-09123d9ea0ba,8fa83a75-be65-4d8f-bc09-09123d9ea0ba-64798203-28,64798203,Dancing Queens,,,
0,86570b3f-2dfc-4762-b8bb-39163da88507,86570b3f-2dfc-4762-b8bb-39163da88507-64798203-29,64798203,Drømmer,,,
0,2b688d44-6c1c-44f2-993c-f46111e59b84,2b688d44-6c1c-44f2-993c-f46111e59b84-64798203-28,64798203,The Super Mario Galaxy Movie,,,
0,72cd1fd5-d488-4cbb-9525-72f5c65c318e,72cd1fd5-d488-4cbb-9525-72f5c65c318e-64798203-29,64798203,Le Livre des solutions,,,
0,9c482177-7833-4d1c-a47a-854e51cb9543,9c482177-7833-4d1c-a47a-854e51cb9543-64798203-29,64798203,Brazil,,,
0,a3ffd59e-f9fe-4784-aebc-b723c07a5893,a3ffd59e-f9fe-4784-aebc-b723c07a5893-64798203-28,64798203,Yoroï,,,
0,afbaa9dd-e9a1-4252-a7c3-46afc13d08c7,afbaa9dd-e9a1-4252-a7c3-46afc13d08c7-64798203-29,64798203,The Wonderful Story of Henry Sugar,,,
0,64234403-3c05-4cdd-9a48-c59952c57805,64234403-3c05-4cdd-9a48-c59952c57805-64798203-3,64798203,A Man Called Otto,,,
0,e0f6bf5b-da1e-4af2-9646-6ddb635a8750,e0f6bf5b-da1e-4af2-9646-6ddb635a8750-64798203-3,64798203,On vous croit,,,
0,ede431a8-5a66-4aa8-8b5e-2af107bec51a,ede431a8-5a66-4aa8-8b5e-2af107bec51a-64798203-27,64798203,Good on Paper,,,
0,36ce635e-6472-4036-a2b8-2d3be203a291,36ce635e-6472-4036-a2b8-2d3be203a291-64798203-28,64798203,La Vie d'Adèle - Chapitres 1 et 2,,,
0,3a5a4c84-7b0d-4997-ae79-2695f1eb54e4,3a5a4c84-7b0d-4997-ae79-2695f1eb54e4-64798203-29,64798203,The Long Walk,,,
0,6308126b-c780-4864-a499-1fc825d73177,6308126b-c780-4864-a499-1fc825d73177-64798203-28,64798203,A Real Pain,,,
0,09e44282-8b6a-4747-9550-8445fc3f1dbf,09e44282-8b6a-4747-9550-8445fc3f1dbf-64798203-29,64798203,Fatal,,,
0,e2400202-14c6-426a-a564-6d7310841015,e2400202-14c6-426a-a564-6d7310841015-64798203-28,64798203,But I'm a Cheerleader,,,
0,9c36ee87-baa8-4831-9012-bc3477014547,9c36ee87-baa8-4831-9012-bc3477014547-64798203-29,64798203,En corps,,,
0,e529afe0-dab0-4c33-816b-8c69c0f35ffe,e529afe0-dab0-4c33-816b-8c69c0f35ffe-64798203-28,64798203,Beetlejuice Beetlejuice,,,
0,18287963-d49c-4f0d-a759-8fad9bcda7c9,18287963-d49c-4f0d-a759-8fad9bcda7c9-64798203-27,64798203,Kinds of Kindness,,,
0,99105da8-112a-460c-94d8-de1403921caf,99105da8-112a-460c-94d8-de1403921caf-64798203-3,64798203,怪物,,,
0,ab745bc5-fef4-488e-8b95-4a58c2ec64bd,ab745bc5-fef4-488e-8b95-4a58c2ec64bd-64798203-29,64798203,Cassandre,,,
0,1292f9f0-b43c-4108-b0d6-f188394de5a3,1292f9f0-b43c-4108-b0d6-f188394de5a3-64798203-28,64798203,夜明けのすべて,,,
0,e0bfb74e-cc58-4791-9ad9-34d9d2fac072,e0bfb74e-cc58-4791-9ad9-34d9d2fac072-64798203-3,64798203,パプリカ,,,
0,13249f80-5a9e-4643-babe-38fc20e17d9e,13249f80-5a9e-4643-babe-38fc20e17d9e-64798203-3,64798203,All of Us Strangers,,,
0,8fdf3731-753a-49ca-aee7-0e47b6df4114,8fdf3731-753a-49ca-aee7-0e47b6df4114-64798203-3,64798203,C'è ancora domani,,,
0,0247115f-7654-4e6d-a108-23fd55bf6232,0247115f-7654-4e6d-a108-23fd55bf6232-64798203-29,64798203,Barbie,,,
0,91e97843-f1f5-487f-996d-50e8c580450d,91e97843-f1f5-487f-996d-50e8c580450d-64798203-28,64798203,Kung Fu Panda 4,,,
0,217b7fd0-cae6-48bf-b430-b66443185509,217b7fd0-cae6-48bf-b430-b66443185509-64798203-3,64798203,ハウルの動く城,,,
0,8cff3f01-65e1-4e0f-a70a-82e08a218da5,8cff3f01-65e1-4e0f-a70a-82e08a218da5-64798203-27,64798203,The Creator,,,
0,92217a75-9946-4893-9e35-9e9483686122,92217a75-9946-4893-9e35-9e9483686122-64798203-1,64798203,Le Père Noël est une ordure,,,
0,8c4a0e12-e811-4729-b953-6f6074db9e5b,8c4a0e12-e811-4729-b953-6f6074db9e5b-64798203-29,64798203,Gladiator,,,
0,d29cd996-9e21-426f-a265-809c968c51a2,d29cd996-9e21-426f-a265-809c968c51a2-64798203-28,64798203,How to Have Sex,,,
0,a23e75b5-1fcf-4fa4-92dd-e436815c78e7,a23e75b5-1fcf-4fa4-92dd-e436815c78e7-64798203-29,64798203,صوت هند رجب,,,
0,e4119760-98f6-471c-956a-f7982ec91bfd,e4119760-98f6-471c-956a-f7982ec91bfd-64798203-27,64798203,L'Amour c'est surcoté,,,
0,78079d78-9387-4cbe-9adf-8ded6b6decc4,78079d78-9387-4cbe-9adf-8ded6b6decc4-64798203-29,64798203,Zootopia 2,,,
0,922e3430-e472-4046-8144-c99cfe77ae59,922e3430-e472-4046-8144-c99cfe77ae59-64798203-29,64798203,Roald Dahl's Matilda The Musical,,,
0,960fa26d-21c3-4363-9cba-63f06da7fc7a,960fa26d-21c3-4363-9cba-63f06da7fc7a-64798203-28,64798203,Do the Right Thing,,,
0,7bc1b69b-d2a0-42aa-891d-87434ca11faa,7bc1b69b-d2a0-42aa-891d-87434ca11faa-64798203-3,64798203,L'amour Ouf,,,
0,1828cbda-edee-4a09-af91-706a3fc6d2fd,1828cbda-edee-4a09-af91-706a3fc6d2fd-64798203-28,64798203,Despicable Me 4,,,
0,75c1feaf-87e6-4d12-beb1-32ba747caf29,75c1feaf-87e6-4d12-beb1-32ba747caf29-64798203-29,64798203,Le Gang des Amazones,,,
0,f3c95a3c-4636-44a7-9d00-e516c358ded7,f3c95a3c-4636-44a7-9d00-e516c358ded7-64798203-27,64798203,Blue Giant,,,
0,0129b667-a32b-40fa-9c58-59cd06fd5cb3,0129b667-a32b-40fa-9c58-59cd06fd5cb3-64798203-3,64798203,刻在你心底的名字,,,
0,0bb12645-2313-4567-878d-6df4fbd8c910,0bb12645-2313-4567-878d-6df4fbd8c910-64798203-27,64798203,Princess Protection Program,,,
0,e81f34a9-ff7a-4b9e-a700-e0788ee37ef1,e81f34a9-ff7a-4b9e-a700-e0788ee37ef1-64798203-28,64798203,Une part manquante,,,
0,bb0a432f-3a5a-485a-a5e6-4b7eb6421d40,bb0a432f-3a5a-485a-a5e6-4b7eb6421d40-64798203-29,64798203,The Bad Guys,,,
0,6efb539b-1d8f-4e8c-b32f-982f511ad119,6efb539b-1d8f-4e8c-b32f-982f511ad119-64798203-29,64798203,거미집,,,
0,ed1ea12b-fc3a-4794-930c-93368ca04f7c,ed1ea12b-fc3a-4794-930c-93368ca04f7c-64798203-28,64798203,Pared con pared,,,
0,3ad52d92-03a2-4471-b685-a124db3645e2,3ad52d92-03a2-4471-b685-a124db3645e2-64798203-28,64798203,Diamant Brut,,,
0,09465145-8214-4aa4-8053-52f4d8912c10,09465145-8214-4aa4-8053-52f4d8912c10-64798203-29,64798203,Sing Sing,,,
0,4ed71d00-7859-4db6-9c4e-c5f0d13032d9,4ed71d00-7859-4db6-9c4e-c5f0d13032d9-64798203-3,64798203,The Life of Chuck,,,
0,467d2950-cb96-47b2-89bf-9170b3f0d30a,467d2950-cb96-47b2-89bf-9170b3f0d30a-64798203-28,64798203,Un p’tit truc en plus,,,
0,d7a46b03-1227-46d9-bbfe-73ccd271efc2,d7a46b03-1227-46d9-bbfe-73ccd271efc2-64798203-29,64798203,세계의 주인,,,
0,ddc0e3b9-a3bb-4152-afc8-46095648eb1c,ddc0e3b9-a3bb-4152-afc8-46095648eb1c-64798203-28,64798203,Players,,,
0,87ccba5d-e3b7-4382-a024-7221d7e5012f,87ccba5d-e3b7-4382-a024-7221d7e5012f-64798203-3,64798203,Past Lives,,,
0,75a7a892-832e-4505-a1d2-6d936577f3f9,75a7a892-832e-4505-a1d2-6d936577f3f9-64798203-3,64798203,The Perks of Being a Wallflower,,,
0,53a91a60-d343-4368-af2f-b92b058a2d3e,53a91a60-d343-4368-af2f-b92b058a2d3e-64798203-27,64798203,Pee chai dai ka,,,
0,69eac434-2b1f-48af-ab17-f4d89e0e254d,69eac434-2b1f-48af-ab17-f4d89e0e254d-64798203-3,64798203,Her,,,
0,b66ff6da-c10b-444a-b7bc-7e8b889d58f5,b66ff6da-c10b-444a-b7bc-7e8b889d58f5-64798203-29,64798203,Valerian and the City of a Thousand Planets,,,
0,01dba1e1-0d9f-488b-a0c3-779a72ef65bd,01dba1e1-0d9f-488b-a0c3-779a72ef65bd-64798203-3,64798203,L'Epreuve du feu,,,
0,50f7c028-086a-4829-aa22-19d258875fda,50f7c028-086a-4829-aa22-19d258875fda-64798203-3,64798203,Chicken Run,,,
0,5d17ad6d-9593-462f-aed0-a3747448dbc6,5d17ad6d-9593-462f-aed0-a3747448dbc6-64798203-29,64798203,このタイムループ、上司に気づかせないと終わらない,,,
0,a52d0780-302c-4c6e-b272-af8dd111c606,a52d0780-302c-4c6e-b272-af8dd111c606-64798203-27,64798203,Orion and the Dark,,,
0,54df8fc5-864e-4496-a21e-c34e98866104,54df8fc5-864e-4496-a21e-c34e98866104-64798203-3,64798203,PERFECT DAYS,,,
0,9ab1d808-f3f1-41ba-a1e2-6d2c1a36889a,9ab1d808-f3f1-41ba-a1e2-6d2c1a36889a-64798203-28,64798203,The Fabelmans,,,
0,f5577333-ba9d-4204-975c-ccdf3564129b,f5577333-ba9d-4204-975c-ccdf3564129b-64798203-27,64798203,Tamara,,,
0,696c5013-827f-4657-84e8-e2d4f3d65ee2,696c5013-827f-4657-84e8-e2d4f3d65ee2-64798203-28,64798203,ルノワール,,,
0,70286776-53ca-4923-8fd8-f513e57c52be,70286776-53ca-4923-8fd8-f513e57c52be-64798203-28,64798203,"Red, White & Royal Blue",,,
0,615daa5a-bcfc-4f32-8a17-c4a511bf85ac,615daa5a-bcfc-4f32-8a17-c4a511bf85ac-64798203-29,64798203,หลานม่า,,,
0,8bf1e306-5fd7-48ef-bc3e-8cf37da56685,8bf1e306-5fd7-48ef-bc3e-8cf37da56685-64798203-27,64798203,Kjærlighet,,,
0,ca4eee00-ea1d-4ded-b8c7-bb382ccaecae,ca4eee00-ea1d-4ded-b8c7-bb382ccaecae-64798203-29,64798203,Dunkirk,,,
0,276fa679-9b59-465b-92e7-ac03c8d3e009,276fa679-9b59-465b-92e7-ac03c8d3e009-64798203-28,64798203,Bâtiment 5,,,
0,ec79e963-668a-445c-b1af-4d19e29f40c5,ec79e963-668a-445c-b1af-4d19e29f40c5-64798203-3,64798203,Vampire Humaniste Cherche Suicidaire Consentant,,,
0,660e2dd1-3721-4f6a-93f4-38345bb6de91,660e2dd1-3721-4f6a-93f4-38345bb6de91-64798203-3,64798203,Burlesque,,,
0,932511c4-2e29-4398-ac60-b6c446acf46b,932511c4-2e29-4398-ac60-b6c446acf46b-64798203-3,64798203,Saltburn,,,
0,5e3a85ab-12d5-4af3-8fd0-eeb5c0163d6c,5e3a85ab-12d5-4af3-8fd0-eeb5c0163d6c-64798203-3,64798203,Challengers,,,
0,97e9da54-eafc-4646-bd0b-086c7968d0fa,97e9da54-eafc-4646-bd0b-086c7968d0fa-64798203-27,64798203,Le Deuxième Acte,,,
0,7b4da42b-17b0-4593-a6a4-3d2bb581869d,7b4da42b-17b0-4593-a6a4-3d2bb581869d-64798203-27,64798203,Mond,,,
0,3597cc7e-ebad-429f-8152-26849d2a0feb,3597cc7e-ebad-429f-8152-26849d2a0feb-64798203-29,64798203,もののけ姫,,,
0,20d59b32-7df9-43f0-b678-7d3d5db19e58,20d59b32-7df9-43f0-b678-7d3d5db19e58-64798203-28,64798203,Elio,,,
0,126c81a1-9815-4248-a11c-d16b295b7ac2,126c81a1-9815-4248-a11c-d16b295b7ac2-64798203-3,64798203,Joker: Folie à Deux,,,
0,bc88d1ec-b5a3-439f-a4d3-adfb28eddcf1,bc88d1ec-b5a3-439f-a4d3-adfb28eddcf1-64798203-28,64798203,Peak Everything,,,
0,79ed2c8c-a3ac-4d98-ad4a-f7b3969181a9,79ed2c8c-a3ac-4d98-ad4a-f7b3969181a9-64798203-29,64798203,Qui brille au combat,,,
0,f83dabb9-6fb5-4d67-9583-bdd9b4a5b86d,f83dabb9-6fb5-4d67-9583-bdd9b4a5b86d-64798203-3,64798203,Nimona,,,
0,1d660242-1776-46d1-8137-ab3ee8ba2c49,1d660242-1776-46d1-8137-ab3ee8ba2c49-64798203-29,64798203,In the Mood for Love,,,
0,d96ae019-b963-4963-9c9e-033b0118fb9b,d96ae019-b963-4963-9c9e-033b0118fb9b-64798203-28,64798203,À pied d'œuvre,,,
0,a86a35fc-6c9e-459b-b54b-6160b0c9cb9c,a86a35fc-6c9e-459b-b54b-6160b0c9cb9c-64798203-29,64798203,Mickey 17,,,
0,273dd872-0e2c-4d21-88ec-a409b80e66c8,273dd872-0e2c-4d21-88ec-a409b80e66c8-64798203-29,64798203,Le Placard,,,
0,99776330-ea19-417c-9b3b-c96fc83c0c58,99776330-ea19-417c-9b3b-c96fc83c0c58-64798203-28,64798203,Fantastic Mr. Fox,,,
0,fa8f0304-f910-4fb0-a4dd-27e7d12fdda5,fa8f0304-f910-4fb0-a4dd-27e7d12fdda5-64798203-29,64798203,Memory,,,
0,aa17c459-a79a-4f9a-b7ae-eee70fa89d11,aa17c459-a79a-4f9a-b7ae-eee70fa89d11-64798203-28,64798203,Small Things Like These,,,
0,c914d8fe-81cb-4f09-bd7d-85d11cb1194f,c914d8fe-81cb-4f09-bd7d-85d11cb1194f-64798203-28,64798203,Elemental,,,
0,bb52ce42-a7e5-482c-8127-8a53283965ac,bb52ce42-a7e5-482c-8127-8a53283965ac-64798203-29,64798203,Inside Out 2,,,
0,540ebe27-e6e3-45a4-9e38-b63a9c97769c,540ebe27-e6e3-45a4-9e38-b63a9c97769c-64798203-29,64798203,어쩔수가없다,,,
0,941afa5f-0402-463f-bdd5-029631e70850,941afa5f-0402-463f-bdd5-029631e70850-64798203-27,64798203,The Twilight Saga: Breaking Dawn - Part 2,,,
0,cf71356f-8894-4ab2-9c8b-81831b025fc1,cf71356f-8894-4ab2-9c8b-81831b025fc1-64798203-28,64798203,Conclave,,,
0,dfd601a5-c039-4053-96ad-28a4825853a5,dfd601a5-c039-4053-96ad-28a4825853a5-64798203-28,64798203,かぐや姫の物語,,,
0,11bf414d-8d46-4ac0-81ff-06fb65451823,11bf414d-8d46-4ac0-81ff-06fb65451823-64798203-3,64798203,Spider-Man: Into the Spider-Verse,,,
0,e1c4a961-c45d-4950-8cf7-d53f7c5dbc64,e1c4a961-c45d-4950-8cf7-d53f7c5dbc64-64798203-29,64798203,Pas de vagues,,,
0,79a0606f-d9d1-4e15-9005-03446f2296a4,79a0606f-d9d1-4e15-9005-03446f2296a4-64798203-29,64798203,بنات ألفة,,,
0,8b7b147b-9df0-49d1-9ab2-3f01f340c813,8b7b147b-9df0-49d1-9ab2-3f01f340c813-64798203-29,64798203,Mean Girls,,,
0,3f22d7fd-99bf-46bc-8ea8-13ae9f673594,3f22d7fd-99bf-46bc-8ea8-13ae9f673594-64798203-29,64798203,KPop Demon Hunters,,,
0,db5304c9-f39f-4ae0-a84b-5cf778552062,db5304c9-f39f-4ae0-a84b-5cf778552062-64798203-28,64798203,Drive-Away Dolls,,,
0,3c0765b2-6958-401e-93eb-58ddaedf2e33,3c0765b2-6958-401e-93eb-58ddaedf2e33-64798203-28,64798203,Cars 3,,,
0,873de39d-8e5a-4eb6-9887-9de2134720ce,873de39d-8e5a-4eb6-9887-9de2134720ce-64798203-28,64798203,Gourou,,,
0,9ef21265-b193-4e39-9a38-16efd0e41efc,9ef21265-b193-4e39-9a38-16efd0e41efc-64798203-28,64798203,If You Were The Last,,,
0,6b3b0e9a-d8b3-4fed-b95d-1b3a298d4253,6b3b0e9a-d8b3-4fed-b95d-1b3a298d4253-64798203-29,64798203,The Curious Case of Benjamin Button,,,
0,d0c01d00-1398-4e55-ab0f-73aa25bea9e5,d0c01d00-1398-4e55-ab0f-73aa25bea9e5-64798203-27,64798203,Irish Wish,,,
0,581a309d-e9f9-49e9-bc95-7cb436032c6d,581a309d-e9f9-49e9-bc95-7cb436032c6d-64798203-3,64798203,Eleanor the Great,,,
0,bc73ebe1-c8cb-4cd5-b8e8-8c540fc77d57,bc73ebe1-c8cb-4cd5-b8e8-8c540fc77d57-64798203-1,64798203,Un hombre de acción,,,
0,3f52091d-e822-46cc-ae85-cc5912f338a4,3f52091d-e822-46cc-ae85-cc5912f338a4-64798203-29,64798203,ぼくのお日さま,,,
0,6a0ef7a1-4e32-435e-ba6a-f469896b6720,6a0ef7a1-4e32-435e-ba6a-f469896b6720-64798203-28,64798203,Hustlers,,,
0,ee1011f1-27c1-469c-92dc-caf884f20601,ee1011f1-27c1-469c-92dc-caf884f20601-64798203-27,64798203,The Fantastic Four: First Steps,,,
0,3b40d461-69b6-4303-b1fe-07f1545894c7,3b40d461-69b6-4303-b1fe-07f1545894c7-64798203-1,64798203,Uglies,,,
0,0c6d4359-88ef-4d5d-9803-e2705bf2fb4f,0c6d4359-88ef-4d5d-9803-e2705bf2fb4f-64798203-27,64798203,RoboCop,,,
0,df6f8cce-cfa1-4b75-a801-cfeb69b8f010,df6f8cce-cfa1-4b75-a801-cfeb69b8f010-64798203-27,64798203,Chicken Run: Dawn of the Nugget,,,
0,4e049945-9d93-42a2-a53d-c625ef2088b0,4e049945-9d93-42a2-a53d-c625ef2088b0-64798203-29,64798203,Persepolis,,,
