uuid,tvdb_id,imdb_id,title,year,created_at,watched_at,is_watched,rewatch_count
fe9cd0a8-8139-4748-959b-917b99a6bd65,285,tt0103639,Aladdin,1993,2022-11-01T18:44:47Z,2022-11-01T18:44:47Z,true,0
fe8fb587-adf5-49f4-ae18-387d287bdbe1,147512,tt10229982,My First Summer,2020,2025-07-05T11:17:56Z,,false,0
fe8e64de-c605-43d8-8072-fe8464db4f12,157595,tt10307724,Madame Claude,2021,2022-11-02T13:37:25Z,2022-11-02T13:37:30Z,true,0
fe040628-4c70-4728-8eab-8d9e778b3920,140,tt1790864,The Maze Runner,2014,2022-11-06T05:22:47Z,2022-11-06T05:22:47Z,true,0
fc6f2a04-6c9d-4616-a4ea-aede878f75f5,353646,tt29623480,The Wild Robot,2024,2024-10-14T21:08:33Z,2024-10-14T21:08:35Z,true,0
fba77bbb-092b-4d99-a68a-af6a70f284e8,153,tt0330373,Harry Potter and the Goblet of Fire,2005,2022-10-31T15:47:15Z,2022-10-31T15:47:15Z,true,1
fb901f83-c987-42a7-866e-5e4934a844ed,2651,tt0810900,High School Musical 2,2008,2022-11-06T05:22:51Z,2022-11-06T05:22:51Z,true,0
fb7f9efe-7cbd-46b2-9f2a-0ccaf8eda44a,357577,tt30840798,The Phoenician Scheme,2025,2025-06-22T17:57:44Z,2025-06-22T17:57:44Z,true,0
fa8f0304-f910-4fb0-a4dd-27e7d12fdda5,351431,tt19864828,Memory,2024,2024-06-05T17:58:46Z,2024-06-05T17:58:46Z,true,0
f957fdfb-4f22-43b3-b84e-38eb190f515f,57479,tt9095526,Brother,2019,2022-11-06T22:15:49Z,,false,0
f8bdc653-9ab8-4fa5-a02c-5623f5166485,542,tt1951264,The Hunger Games: Catching Fire,2013,2022-11-06T05:22:59Z,2022-11-06T05:22:59Z,true,0
f83dabb9-6fb5-4d67-9583-bdd9b4a5b86d,111150,tt19500164,Nimona,2023,2023-07-26T12:06:17Z,2023-07-26T12:06:17Z,true,0
f6987486-5380-4f63-b80c-cd7a35b616eb,318,tt0114709,Toy Story,1996,2022-10-31T15:49:58Z,2022-10-31T15:49:58Z,true,0
f5577333-ba9d-4204-975c-ccdf3564129b,5270,tt5197068,Tamara,2016,2023-04-09T12:39:47Z,2023-04-09T12:39:47Z,true,0
f3c95a3c-4636-44a7-9d00-e516c358ded7,339491,tt15737898,Blue Giant,2024,2024-03-18T11:06:11Z,2024-03-18T11:06:11Z,true,0
f3b8c4f9-693e-4d8e-8107-9308e3c67262,5845,tt4272866,The Boy and the Beast,2015,2022-11-06T22:09:51Z,2022-11-06T22:09:55Z,true,0
f2c8a90f-d7df-4120-a8cb-2a17e84c4d9b,337214,tt15109082,The Quiet Girl,2023,2024-01-14T08:52:43Z,,false,0
f03d68f8-4c03-4c39-b952-ef4ac67e7371,32,tt6966692,Green Book,2019,2024-12-24T15:47:01Z,,false,0
f00f5dda-cebe-496e-b43b-3dbcb2953dee,201,tt0926084,Harry Potter and the Deathly Hallows: Part 1,2010,2022-10-31T15:47:15Z,2022-10-31T15:47:15Z,true,0
efbf87e8-a323-47a5-bbd7-7dddf713d114,346834,,La Beauté du geste,2022,2023-10-13T14:16:08Z,,false,0
eeca34eb-a4c3-4e35-be6e-6c31f875ce56,112269,tt0099785,Home Alone,1990,2022-12-19T17:34:14Z,2022-12-19T17:34:14Z,true,0
ee46e16b-a8e7-48ec-adf3-a74e87583eff,1151,tt0034492,Bambi,1942,2022-11-15T20:54:48Z,2022-11-15T20:54:49Z,true,0
ee1011f1-27c1-469c-92dc-caf884f20601,131702,tt10676052,The Fantastic Four: First Steps,2025,2025-07-31T05:55:53Z,2025-07-31T05:55:53Z,true,0
ede431a8-5a66-4aa8-8b5e-2af107bec51a,160810,tt8231668,Good on Paper,2021,2024-05-03T07:00:06Z,2024-05-03T07:00:06Z,true,0
ed1ea12b-fc3a-4794-930c-93368ca04f7c,354178,tt20198716,"Love, Divided",2024,2024-04-16T19:51:27Z,2024-04-16T19:51:27Z,true,0
ece0589d-ad8f-4811-a3d9-4fcbc87cb324,199147,tt8080204,Hypnotic,2023,2023-09-08T08:08:50Z,2023-09-08T08:08:51Z,true,0
ec79e963-668a-445c-b1af-4d19e29f40c5,352784,tt24216998,Humanist Vampire Seeking Consenting Suicidal Person,2024,2024-03-21T14:20:58Z,2024-03-21T14:20:58Z,true,0
eb0a741b-f1ea-4c49-96ff-2298f9ec9fb7,1257,tt1119646,The Hangover,2009,2022-11-06T05:23:23Z,2022-11-06T05:23:23Z,true,0
ea2c6fa3-053f-4cc3-b34c-9bcf519b695f,4137,tt6320628,Spider-Man: Far From Home,2019,2026-04-18T17:15:45Z,2026-04-18T17:15:45Z,true,0
ea25eff1-d708-4db4-a5d9-3f75985b887c,329,tt0435761,Toy Story 3,2010,2022-10-31T15:49:48Z,2022-10-31T15:49:48Z,true,0
e943ce86-78dc-40fc-9c56-786fda634124,14251,tt6398184,Downton Abbey,2019,2025-09-17T11:04:33Z,2025-09-17T11:04:33Z,true,0
e86d93fb-1e52-42f9-a6b7-0fafecb9e50a,6,tt1517451,A Star Is Born,2018,2022-11-02T12:02:31Z,2022-11-02T12:02:35Z,true,0
e86ad74f-3e3d-45cf-8c55-c5a5f8938748,49,tt3606756,Incredibles 2,2018,2022-10-31T15:50:11Z,2022-10-31T15:50:11Z,true,0
e81f34a9-ff7a-4b9e-a700-e0788ee37ef1,360046,tt21993194,A Missing Part,2024,2024-11-21T16:48:30Z,2024-11-21T16:48:30Z,true,0
e7792e9d-e603-4297-9f7e-150cdfa84bb8,369,tt0042332,Cinderella,1952,2022-10-31T16:00:09Z,2022-10-31T16:00:09Z,true,0
e6709677-59fd-40d4-a1eb-442a50e1e29b,347354,tt26446278,The Count of Monte Cristo,2024,2024-07-23T06:49:22Z,2024-07-23T06:49:22Z,true,0
e626b457-66d6-422f-b02a-32b5464eaf2c,758,tt0083866,E.T. The Extra-Terrestrial,1982,2022-11-15T20:50:20Z,2022-11-15T20:50:23Z,true,0
e5619027-8385-47d6-963b-024344c4f72f,778,tt1325004,The Twilight Saga: Eclipse,2010,2023-04-09T16:22:12Z,2023-04-09T16:22:12Z,true,1
e542ae47-4e0c-4028-abba-73df0372fd58,136493,tt1262426,Wicked,2024,2024-12-06T21:56:53Z,2024-12-06T21:56:55Z,true,0
e529afe0-dab0-4c33-816b-8c69c0f35ffe,65987,tt2049403,Beetlejuice Beetlejuice,2024,2024-10-13T20:48:24Z,2024-10-13T20:48:26Z,true,0
e4a52c43-8016-4a97-aa24-42ffc53712d0,3792,tt0421994,Imagine Me & You,2005,2025-06-17T20:49:33Z,2025-06-17T20:49:33Z,true,0
e42677c5-c4de-4ef4-97e6-1a3130b93551,1396,tt1951261,The Hangover Part III,2013,2022-11-06T05:23:42Z,2022-11-06T05:23:42Z,true,0
e4119760-98f6-471c-956a-f7982ec91bfd,362617,tt35420252,Love is overrated,2025,2025-04-24T06:03:42Z,2025-04-24T06:03:42Z,true,0
e40030e7-e4d9-4e6b-a501-c1b324de03cb,1369,tt0121164,Corpse Bride,2005,2022-11-01T18:45:41Z,2022-11-01T18:45:42Z,true,0
e3181b7b-3b53-48e4-bec1-dd5b970f0f89,1464,tt0359950,The Secret Life of Walter Mitty,2013,2025-01-30T20:45:20Z,2025-01-30T20:45:20Z,true,0
e2e5f5cc-1349-4aa5-a4c2-25331650169b,2730,tt4034354,Swiss Army Man,2016,2023-01-22T17:44:32Z,,false,0
e2d0b1e2-fa08-4ca1-99c5-f370edacf7da,358551,tt30319503,Dìdi,2024,2025-07-21T15:53:41Z,2025-07-21T15:53:41Z,true,0
e2400202-14c6-426a-a564-6d7310841015,5175,tt0179116,But I'm a Cheerleader,1999,2023-08-29T06:40:56Z,2023-08-29T06:40:56Z,true,0
e1c4a961-c45d-4950-8cf7-d53f7c5dbc64,353100,tt26060006,The Good Teacher,2025,2024-04-21T20:02:11Z,2024-04-21T20:02:11Z,true,0
e14071a7-8cb0-470a-8440-3c09655e3191,345576,tt21232992,Theater Camp,2023,2026-02-02T20:07:38Z,2026-02-02T20:07:38Z,true,0
e0f6bf5b-da1e-4af2-9646-6ddb635a8750,371033,tt35504398,On vous croit,2025,2025-11-23T10:17:36Z,2025-11-23T10:17:37Z,true,0
e0bfb74e-cc58-4791-9ad9-34d9d2fac072,5557,tt0851578,Paprika,2007,2023-04-30T20:24:59Z,2023-04-30T20:24:59Z,true,0
e02fefee-c7b9-44ee-af3b-a8d1914517d6,136107,tt8430054,Flee,2022,2025-07-05T11:18:49Z,,false,0
e0067488-637e-44fe-8192-1969e9773dd3,325,tt0126029,Shrek,2001,2022-10-31T15:47:15Z,2022-10-31T15:47:15Z,true,0
dfe92d1c-0125-4f6d-a9d3-35443b5a9aac,154,tt0304141,Harry Potter and the Prisoner of Azkaban,2004,2022-10-31T15:47:15Z,2022-10-31T15:47:15Z,true,0
dfd601a5-c039-4053-96ad-28a4825853a5,4922,tt2576852,The Tale of the Princess Kaguya,2014,2022-11-26T12:46:04Z,2022-11-26T12:46:04Z,true,1
dfc58664-167c-44f9-9c42-91b8c0ffff6b,355177,tt30017619,The Bad Guys 2,2025,2025-08-14T13:43:59Z,2025-08-14T13:43:59Z,true,0
df6f8cce-cfa1-4b75-a801-cfeb69b8f010,60066,tt8337264,Chicken Run: Dawn of the Nugget,2023,2024-01-05T15:32:36Z,2024-01-05T15:32:36Z,true,0
deed5532-3ac6-4117-b75f-63363e89d4f5,353754,tt13622970,Moana 2,2024,2024-12-02T21:17:09Z,2024-12-02T21:17:09Z,true,0
de9f4f37-5794-434e-88db-f4ac6508ff01,263,tt0317705,The Incredibles,2004,2022-11-01T20:30:11Z,2022-11-01T20:30:11Z,true,0
de708a49-2217-4a4f-9882-9ae754a2ccef,23757,tt7422822,Greener Grass,2019,2025-07-05T11:19:52Z,,false,0
ddca1056-0f21-4147-bd26-5b617b28a6c1,339958,tt11304740,Wish,2024,2023-12-18T17:53:30Z,2023-12-18T17:53:30Z,true,0
ddc0e3b9-a3bb-4152-afc8-46095648eb1c,352874,tt14833464,Players,2024,2024-02-17T20:50:53Z,2024-02-17T20:50:53Z,true,0
dc531088-74a5-4d4a-8536-c38ff444e1ed,172189,tt5884796,Plane,2023,2023-02-05T13:39:12Z,2023-02-05T13:39:12Z,true,0
dc04e3e2-4fd6-46d0-8ec7-a0d565c10d2f,367381,tt35512832,Connemara,2025,2025-09-14T19:36:56Z,2025-09-14T19:36:56Z,true,0
db5304c9-f39f-4ae0-a84b-5cf778552062,347423,tt19356262,Drive-Away Dolls,2024,2024-04-13T16:43:47Z,2024-04-13T16:43:47Z,true,0
da24691e-1338-415d-80a1-6009955e8182,866,tt0780521,The Princess and the Frog,2009,2022-11-15T20:49:57Z,2022-11-15T20:50:01Z,true,0
da10ef2f-b343-4563-8382-8e03248b32bf,17657,tt4123432,Fantastic Beasts: The Secrets of Dumbledore,2022,2022-11-01T18:46:31Z,2022-11-01T18:46:32Z,true,0
d9aff53e-d802-4661-9c5a-ddb1c2a5cb97,636,tt0398286,Tangled,2011,2022-10-31T15:47:15Z,2022-10-31T15:47:15Z,true,0
d96ae019-b963-4963-9c9e-033b0118fb9b,371968,tt37660587,À pied d'œuvre,2026,2026-02-14T23:20:56Z,2026-02-14T23:20:56Z,true,0
d91bc867-a7c5-4c3a-b087-ed071ff1a97a,131415,tt5109280,Raya and The Last Dragon,2021,2022-11-01T20:25:53Z,2022-11-01T20:25:53Z,true,0
d8f3d626-fb30-4472-aef8-4d7cf051b484,206782,tt7322224,Triangle of Sadness,2022,2023-01-11T09:40:38Z,2023-01-11T09:40:38Z,true,0
d8e6102e-b9e4-4717-bb01-70d6243bc952,349495,tt14225838,Io capitano,2024,2024-02-04T15:11:58Z,2024-02-04T15:11:58Z,true,0
d87bee8e-bac6-438b-9238-0a36034b831a,131905,tt10060094,The Knight Before Christmas,2019,2022-12-14T12:27:38Z,2022-12-14T12:27:38Z,true,0
d7ab5870-b95d-401f-80a5-e42d08b73823,3011,tt0266308,Battle Royale,2000,2026-02-02T12:03:16Z,,false,0
d7a46b03-1227-46d9-bbfe-73ccd271efc2,370590,tt37661885,The World of Love,2025,2026-05-08T11:21:38Z,2026-05-08T11:21:38Z,true,0
d65f7af2-5d16-4ed6-a62e-f9b7b3f1b5d2,287409,tt10370710,The Worst Person in the World,2022,2025-07-05T11:16:11Z,,false,0
d50129a9-d630-4ec3-8162-48b1150689eb,357928,tt32820897,Demon Slayer: Kimetsu no Yaiba - Infinity Castle,2025,2025-09-27T21:19:47Z,2025-09-27T21:19:53Z,true,0
d4b925c4-9e31-4998-9041-abb79fcf0ef4,851,tt1840309,Divergent,2014,2022-11-06T05:24:12Z,2022-11-06T05:24:12Z,true,0
d29cd996-9e21-426f-a265-809c968c51a2,346214,tt22890246,How to Have Sex,2023,2023-12-02T17:55:49Z,2023-12-02T17:55:49Z,true,0
d29b5a75-bb57-4b90-b836-16ca32ec9e4b,23158,tt0381668,Tropical Malady,2005,2024-04-09T09:39:38Z,,false,0
d1568fee-9780-4d1d-a0ac-a20cf7748f14,358966,tt26584495,Companion,2025,2025-02-23T18:58:10Z,2025-02-23T18:58:10Z,true,0
d122cfbc-f8f1-47ce-8d3f-4006ca373b7b,648,tt1226837,Beautiful Boy,2019,2024-01-11T11:06:10Z,,false,0
d0c01d00-1398-4e55-ab0f-73aa25bea9e5,345244,tt21957774,Irish Wish,2024,2024-03-19T19:12:21Z,2024-03-19T19:12:21Z,true,0
cf82bdac-f096-45f2-9362-ae51e6e533d2,1498,tt0107688,The Nightmare Before Christmas,1993,2022-11-01T18:45:54Z,2022-11-01T18:45:55Z,true,0
cf71356f-8894-4ab2-9c8b-81831b025fc1,358047,tt20215234,Conclave,2024,2025-01-09T21:02:15Z,2025-01-09T21:02:15Z,true,0
cf41ad4c-4dd9-4d0e-8496-c58953a0dfa0,1574,tt0475293,High School Musical,2006,2022-11-06T05:24:20Z,2022-11-06T05:24:20Z,true,0
ce626032-5db2-4570-919d-6b6aeaa95f8c,247,tt0137523,Fight Club,1999,2022-11-15T20:39:05Z,2022-11-15T20:39:06Z,true,0
cdaf647a-8ee6-417f-970c-ca9a3307b46d,783,tt0097814,Kiki's Delivery Service,2013,2022-11-15T20:54:41Z,2022-11-15T20:54:41Z,true,0
cd6a9484-31b5-4184-bf53-000858284694,343665,tt21825858,Call Me Chihiro,2023,2023-03-02T07:20:13Z,,false,0
ccb08e41-8205-47dc-87fa-899b860dc28c,1014,tt0413267,Shrek the Third,2007,2022-11-06T05:24:28Z,2022-11-06T05:24:28Z,true,0
cbe70df2-52dc-4c9b-8266-056446938996,366626,tt36491653,It Was Just an Accident,2025,2025-10-05T16:36:03Z,2025-10-05T16:36:03Z,true,0
cb9a6d19-49b2-4252-818d-255a45ca6b25,332432,tt17009348,DogMan,2024,2023-10-21T18:39:28Z,2023-10-21T18:39:28Z,true,0
cb30b49e-cc43-41ac-8bf2-7a56e7d870f6,683,tt1667889,Ice Age: Continental Drift,2012,2022-11-06T05:24:46Z,2022-11-06T05:24:46Z,true,0
cacaecf2-cf09-4f5d-ae41-9bd64d2c39b9,33282,tt7270808,Freaks Out,2022,2022-11-06T22:15:20Z,,false,0
ca4eee00-ea1d-4ded-b8c7-bb382ccaecae,424,tt5013056,Dunkirk,2017,2023-12-21T21:15:50Z,2023-12-21T21:15:50Z,true,0
c9b35df8-a4b9-4e95-b4fb-5ff199b9b6db,528,tt0434409,V for Vendetta,2006,2022-11-15T20:39:00Z,2022-11-15T20:39:01Z,true,0
c914d8fe-81cb-4f09-bd7d-85d11cb1194f,337156,tt15789038,Elemental,2023,2023-08-22T16:11:20Z,2023-08-22T16:11:20Z,true,0
c8f7994f-2b6f-40ba-81d4-f7eea6f8e64f,336578,tt13056052,Broker,2022,2024-04-05T15:17:57Z,,false,0
c8d407e2-a9db-4a88-b2ea-5e776dcd5f78,248,tt0097757,The Little Mermaid,1990,2022-11-01T18:44:51Z,2022-11-01T18:44:51Z,true,0
c71b169b-eecb-40a4-94de-6ede56ef428e,544,tt5437928,Colette,2018,2025-07-05T11:18:37Z,,false,0
c681e57d-7df2-4d56-b038-ea8181160f02,10577,tt2321405,My Life as a Zucchini,2016,2022-10-31T15:56:08Z,2022-11-06T05:19:54Z,true,0
c61ffc3e-fdba-4748-a43f-029f1494b26a,295917,tt6587046,The Boy and the Heron,2024,2023-11-05T17:54:02Z,2023-11-05T17:54:02Z,true,0
c5c67fdc-50d2-4bfc-8cb5-3f7b1938aea6,363080,tt29927144,Once upon my Mother,2025,2025-04-05T18:24:13Z,2025-04-05T18:24:13Z,true,0
c388061b-6d59-4e12-a512-dc175dc6716e,159,tt2096673,Inside Out,2015,2022-10-31T15:47:15Z,2022-10-31T15:47:15Z,true,0
c34a3bc0-21ee-4256-8338-08b2ff678c74,358199,tt23468836,Touch,2025,2025-08-10T20:34:46Z,2025-08-10T20:34:46Z,true,0
c28561d9-b5a4-497c-b201-52806b0b7089,87844,tt1684562,The Fall Guy,2024,2024-05-04T17:47:42Z,2024-05-04T17:47:43Z,true,0
c1b6c7fe-ab9a-4a68-87ad-270c3b93b677,343860,tt8589698,Teenage Mutant Ninja Turtles: Mutant Mayhem,2023,2023-08-29T18:58:10Z,2023-08-29T18:58:10Z,true,0
c190620c-bac7-4de4-9326-383c6be8b934,345696,tt18235146,Club Zero,2024,2023-09-30T15:34:45Z,2023-09-30T15:34:45Z,true,0
bfea00cd-5826-4b23-8f34-bf564a612988,1366,tt0298203,8 Mile,2002,2023-02-28T20:51:15Z,2023-02-28T20:51:15Z,true,0
bfb89cc5-b066-4f24-8fc8-119028331d87,336492,tt14376344,Cha Cha Real Smooth,2022,2025-07-05T11:16:59Z,,false,0
bec5cf5e-da6e-4fa0-8d92-0fd9cc6da3e4,374624,tt39388788,Pour le meilleur,2026,2026-04-26T11:24:20Z,2026-04-26T11:24:20Z,true,0
be9788f3-e713-4c67-a528-6bb578bd011e,257,tt1951266,The Hunger Games: Mockingjay - Part 2,2015,2022-11-06T05:25:04Z,2022-11-06T05:25:04Z,true,0
bdd4106b-5aca-464f-913f-0bc21ae75343,360256,tt29361963,Rebuilding,2025,2025-12-21T12:01:12Z,2025-12-21T12:01:12Z,true,0
bdc9f915-1225-4491-8476-e256109aefe8,337546,tt19719976,Joyland,2023,2025-07-05T11:18:56Z,,false,0
bd2769cc-e584-4049-b50d-9edfb6b46d76,134452,tt10640346,Babylon,2023,2023-02-01T15:37:16Z,,false,0
bcd516ce-f4b8-4d20-9525-3eb194dc4d10,337194,tt16953666,The Night of the 12th,2023,2022-11-06T22:14:07Z,2023-01-28T23:37:06Z,true,0
bca9c67a-e91c-4df2-a624-1430bedea455,1775,tt1637725,Ted,2012,2022-11-06T05:25:16Z,2022-11-06T05:25:16Z,true,0
bc88d1ec-b5a3-439f-a4d3-adfb28eddcf1,369656,tt33335204,Peak Everything,2025,2026-01-25T17:14:15Z,2026-01-25T17:14:16Z,true,0
bc73ebe1-c8cb-4cd5-b8e8-8c540fc77d57,341329,tt12703292,A Man of Action,2022,2022-12-13T06:52:09Z,2022-12-13T06:52:09Z,true,0
bc5eb84f-6e5d-45b0-97c1-96bf401dd59f,165,tt0499549,Avatar,2009,2022-10-31T15:47:15Z,2022-10-31T15:47:15Z,true,0
bc1542c4-e72f-4dd4-bb80-2d89bd6c6199,131079,tt0816692,Interstellar,2014,2022-10-31T15:47:15Z,2022-10-31T15:47:15Z,true,0
bbe9a23b-ee4b-417f-bc64-58e1bfae507d,346626,tt20251822,A Man,2023,2024-02-18T18:24:22Z,2024-02-18T18:24:22Z,true,0
bb8f1e1f-c251-4c75-9e29-0cd39ef9b493,2868,tt0107818,Philadelphia,1993,2022-12-03T20:51:01Z,,false,0
bb52ce42-a7e5-482c-8127-8a53283965ac,339957,tt22022452,Inside Out 2,2024,2024-07-02T08:42:10Z,2024-07-02T08:42:10Z,true,0
bb0a432f-3a5a-485a-a5e6-4b7eb6421d40,146586,tt8115900,The Bad Guys,2022,2025-08-11T19:28:20Z,2025-08-11T19:28:21Z,true,0
b9538b45-f5c8-4433-af75-a368cfba1aa6,362638,tt32843349,"Sorry, Baby",2025,2025-08-04T19:48:34Z,2025-08-04T19:48:34Z,true,0
b9298536-62c6-4fc9-b8aa-86d48d1f1d5d,806,tt0377092,Mean Girls,2004,2022-11-06T05:25:23Z,2022-11-06T05:25:23Z,true,0
b7c658cc-d561-4129-9b68-ddddc50547c7,49196,tt6263850,Deadpool & Wolverine,2024,2024-08-22T08:24:29Z,2024-08-22T08:24:29Z,true,0
b797fe58-6ebe-4bcd-840d-f5fa0d51758e,275,tt0068646,The Godfather,1972,2022-11-15T20:38:56Z,,false,0
b73936fb-4e59-4e5c-8a2c-abf301376ed8,149,tt1646971,How to Train Your Dragon 2,2014,2022-11-01T20:25:19Z,2022-11-01T20:25:22Z,true,0
b708d326-c009-43ca-b630-4743e033717b,321,tt2380307,Coco,2018,2022-10-31T15:47:15Z,2022-10-31T15:47:15Z,true,0
b6e70fdc-fbb7-49ea-bc21-2ed7c4f2a777,258,tt1323594,Despicable Me,2010,2022-11-06T05:25:32Z,2022-11-06T05:25:32Z,true,0
b66ff6da-c10b-444a-b7bc-7e8b889d58f5,464,tt2239822,Valerian and the City of a Thousand Planets,2017,2023-04-07T21:30:57Z,2023-04-07T21:30:57Z,true,0
b6480723-c7ce-4cd7-b889-5b21d0dfe741,157,tt0167261,The Lord of the Rings: The Two Towers,2002,2022-11-06T05:25:46Z,2022-11-06T05:25:46Z,true,0
b5d49082-1cf5-4df3-b124-c44a588cf15b,887,tt0337563,13 Going on 30,2004,2022-11-06T05:25:53Z,2022-11-06T05:25:53Z,true,0
b483f82e-14c7-4f97-86b7-cd957ee89f87,709,tt1216475,Cars 2,2011,2022-11-01T18:44:22Z,2022-11-01T18:44:24Z,true,0
b3a8b892-d160-4934-b69f-f0cea346af21,201128,tt15009428,Argylle,2024,2024-01-31T19:58:02Z,2024-01-31T19:58:02Z,true,0
b3705ff4-2018-4b11-8bd7-8c38225b0c1a,12370,tt3667648,Do Not Disturb,2014,2024-07-10T17:45:13Z,2024-07-10T17:45:13Z,true,0
afbad037-eaf1-44ef-8be6-02c084602478,626,tt1457767,The Conjuring,2013,2022-11-06T05:26:05Z,2022-11-06T05:26:05Z,true,0
afbaa9dd-e9a1-4252-a7c3-46afc13d08c7,336624,tt16968450,The Wonderful Story of Henry Sugar,2023,2024-02-03T21:39:28Z,2024-02-03T21:39:31Z,true,0
af628224-1fd9-4c8f-a135-b723a9dd102d,872,tt2267968,Kung Fu Panda 3,2016,2022-11-01T20:22:12Z,2022-11-01T20:22:22Z,true,0
ae1d8fe7-6f2f-4f61-b4d4-b379015177ce,10090,tt1483797,Redline,2009,2025-02-10T01:40:48Z,,false,0
ad788a4c-7f0a-41ee-8df3-3991c98b30d7,2548,tt0091064,The Fly,1986,2025-03-23T19:27:29Z,2025-03-23T19:27:29Z,true,0
acfcbfce-eda2-4143-a175-d442a75dea8c,1240,tt0120382,The Truman Show,1998,2022-11-01T20:16:22Z,2022-11-01T20:16:22Z,true,0
acd27cf1-8797-4672-b97f-2cddf9deacf7,332792,tt13456318,Persuasion,2022,2023-08-01T08:36:07Z,2023-08-01T08:36:07Z,true,0
aca450f1-d507-4cf0-8b16-2047b2dad136,369086,tt14883538,Arco,2025,2025-11-02T12:18:52Z,2025-11-02T12:18:52Z,true,0
ac6e70a2-410e-45d8-8a9b-0ca12e2e3209,1683,tt0119528,Liar Liar,1997,2022-11-15T20:49:00Z,2022-11-15T20:49:00Z,true,0
ac114e0f-46b0-4774-91f6-08d7e81cf040,349747,tt28490044,Evil Does Not Exist,2024,2024-04-13T16:44:28Z,2024-04-13T16:44:29Z,true,0
abfaf958-3441-4356-9d0b-50db5ea8ab60,360503,tt32119317,Block Pass,2024,2025-02-16T11:55:03Z,2025-02-16T11:55:04Z,true,0
abf88efb-3cc4-4663-8dd3-1ffb8a7deb56,1170,tt0046183,Peter Pan,1953,2022-11-15T20:50:07Z,2022-11-15T20:50:11Z,true,0
ab756788-fd39-454f-bcaa-16811781dab0,607,tt1670345,Now You See Me,2013,2025-11-23T12:24:38Z,2025-11-23T12:24:38Z,true,0
ab745bc5-fef4-488e-8b95-4a58c2ec64bd,365847,tt29580825,Cassandre,2025,2025-04-12T11:22:53Z,2025-04-12T11:22:53Z,true,0
aa57b3c6-397a-4354-b1fa-160dc09ffa5f,1200,tt0364569,Oldboy,2005,2025-02-09T02:02:11Z,,false,0
aa3a43f2-fa9a-4a71-9298-ce0c9bfb3123,95846,tt6166392,Wonka,2023,2023-12-18T17:54:48Z,2023-12-18T17:54:48Z,true,0
aa17c459-a79a-4f9a-b7ae-eee70fa89d11,353996,tt27196021,Small Things Like These,2024,2025-05-22T11:23:20Z,2025-05-22T11:23:20Z,true,0
a99aa70b-c241-4808-b9d6-131d73b16b3e,3556,tt1131729,The Boat That Rocked,2009,2023-03-10T21:07:35Z,2023-03-10T21:07:35Z,true,0
a97a8227-5973-4c37-a516-be082eb7fbdb,131182,tt0095327,Grave of the Fireflies,1988,2022-11-06T22:11:30Z,2022-11-06T22:11:30Z,true,0
a8f9787d-4883-4974-a02b-6ac8337a7c5b,633,tt0351283,Madagascar,2005,2022-11-01T20:29:47Z,2022-11-01T20:29:47Z,true,0
a86a35fc-6c9e-459b-b54b-6160b0c9cb9c,336798,tt12299608,Mickey 17,2025,2025-03-12T06:51:43Z,2025-03-12T06:51:43Z,true,0
a818c5a1-79e1-4d1f-9928-9d6f6fabd355,355808,tt11674730,The Last Stop in Yuma County,2024,2025-08-13T11:11:26Z,2025-08-13T11:11:26Z,true,0
a78d9e93-aa57-464f-9b3b-674d1b23eb07,339405,tt17382524,"The Tunnel to Summer, the Exit of Goodbyes",2024,2024-06-17T16:47:24Z,2024-06-17T16:47:24Z,true,0
a74fc923-6fac-4ec3-841e-17c124525c87,2127,tt0119822,As Good as It Gets,1997,2023-04-20T16:06:57Z,,false,0
a6ad1268-4aea-4f7e-bbfd-07839ee5a1d5,4140,tt0073629,The Rocky Horror Picture Show,1976,2023-02-04T21:44:57Z,2023-02-04T21:44:57Z,true,0
a611f9ac-9a8e-416a-b0d7-be574f0de19e,350684,tt27695005,River,2025,2025-08-22T14:19:42Z,2025-08-22T14:19:42Z,true,0
a52d0780-302c-4c6e-b272-af8dd111c606,351421,tt28066777,Orion and the Dark,2024,2024-02-05T16:00:13Z,2024-02-05T16:00:13Z,true,0
a42c0094-ca01-43fe-aac2-9cbc63a8ae19,5447,tt3077214,Suffragette,2015,2023-02-05T21:04:32Z,2023-02-05T21:04:32Z,true,0
a411336d-8734-43e2-8752-09d5aef2983e,152695,tt9860350,The Asadas,2023,2026-05-16T06:52:27Z,2026-05-16T06:52:28Z,true,0
a3ffd59e-f9fe-4784-aebc-b723c07a5893,361763,tt33402929,Yoroï,2025,2025-10-07T20:50:28Z,2025-10-07T20:50:28Z,true,0
a3f59c5f-15ff-4990-804a-3a3d98c8d609,48,tt1825683,Black Panther,2018,2022-11-15T20:38:05Z,2022-11-15T20:38:06Z,true,0
a3b12f56-415b-4148-9af7-dd3a6ce6b37b,113232,tt3581652,West Side Story,2021,2023-02-01T15:23:35Z,2023-02-01T15:23:36Z,true,0
a2cf0ae2-dbef-4506-b001-1b9e5261ec20,366586,tt28326501,The Little Sister,2025,2025-11-02T12:17:25Z,2025-11-02T12:17:25Z,true,0
a25c2f2e-03f1-4054-a38c-cc2775fb411d,136991,tt10276470,Work It,2020,2025-12-26T18:55:58Z,2025-12-26T18:55:58Z,true,0
a23e75b5-1fcf-4fa4-92dd-e436815c78e7,369410,tt36943034,The Voice of Hind Rajab,2026,2026-01-10T18:56:52Z,2026-01-10T18:56:52Z,true,0
a1f90731-6955-447d-9181-b2698ab16d19,674,tt3470600,Sing,2016,2022-11-01T20:21:10Z,2022-11-01T20:21:13Z,true,0
a12e14a4-c12c-4f86-874a-003689900541,3565,tt0087884,"Paris, Texas",1984,2025-01-24T10:27:36Z,2025-01-24T10:27:36Z,true,0
a0c7335d-68ba-4eb6-a409-dbabd934789f,332784,tt12141112,Metal Lords,2022,2024-02-27T20:37:46Z,2024-02-27T20:37:46Z,true,0
a0831e7e-ed0d-459e-89ae-f72b389470b5,9210,tt3521164,Moana,2016,2022-11-01T18:44:39Z,2022-11-01T18:44:39Z,true,0
a01c088d-3720-4e4b-936a-f58ecb0c4330,1606,tt2140203,Wolf Children,2012,2022-11-06T22:11:46Z,2022-11-06T22:11:46Z,true,0
9faef59c-80ec-4a57-866e-99ad2038a3ce,183,tt0119654,Men in Black,1997,2022-11-06T05:26:10Z,2022-11-06T05:26:10Z,true,0
9f609289-823c-4925-9333-4eb6d0264012,344968,tt27131358,We Live In Time,2025,2025-01-04T20:56:36Z,2025-01-04T20:56:36Z,true,0
9ef21265-b193-4e39-9a38-16efd0e41efc,350706,tt13650540,If You Were The Last,2023,2024-05-13T16:13:16Z,2024-05-13T16:13:16Z,true,0
9e5e9ef7-8976-4b8c-8cda-8d4aad85b20a,592,tt0120762,Mulan,1998,2022-11-06T05:26:15Z,2022-11-06T05:26:15Z,true,0
9cf44f4a-a36f-4dac-8c32-886302f374f6,1441,tt0092067,Castle in the Sky,2012,2022-10-31T16:07:15Z,2022-10-31T16:07:16Z,true,0
9c9e6b77-da1d-4871-8ac8-40770c4020dc,358050,tt31973693,The Roses,2025,2025-09-08T16:49:58Z,2025-09-08T16:49:58Z,true,0
9c482177-7833-4d1c-a47a-854e51cb9543,2680,tt0088846,Brazil,1985,2025-04-06T20:15:11Z,2025-04-06T20:15:11Z,true,0
9c36ee87-baa8-4831-9012-bc3477014547,332907,tt13531468,Rise,2022,2022-11-07T17:40:06Z,2023-01-10T21:10:38Z,true,0
9b2d3989-8708-4367-a9bd-0f76b0ea9bb2,368916,tt32928666,Familiar Touch,2025,2025-08-29T16:15:37Z,2025-08-29T16:15:37Z,true,0
9adca01b-80ba-46c3-adb3-3fc27f860839,36635,tt1596342,Disenchanted,2022,2022-12-13T06:54:30Z,,false,0
9adb5ec5-a5c7-4cc8-8b10-b69f8944bfbf,287533,tt15398776,Oppenheimer,2023,2023-08-19T14:50:03Z,2023-08-19T14:50:03Z,true,0
9ab1d808-f3f1-41ba-a1e2-6d2c1a36889a,195090,tt14208870,The Fabelmans,2022,2024-01-03T18:02:49Z,2024-01-03T18:02:49Z,true,0
9a00ee69-91dd-4471-88c3-425d05cc8d0f,348174,tt33022813,Love in the Big City,2024,2025-07-05T21:43:10Z,,false,0
99776330-ea19-417c-9b3b-c96fc83c0c58,1309,tt0432283,Fantastic Mr. Fox,2009,2024-05-02T10:56:54Z,2024-05-02T10:56:54Z,true,0
992c1057-4532-4e29-9653-628b71e17563,158334,tt14402146,Empire of Light,2023,2024-01-21T14:37:22Z,2024-01-21T14:37:22Z,true,0
99105da8-112a-460c-94d8-de1403921caf,346115,tt23736044,Monster,2023,2024-01-09T16:48:12Z,2024-01-09T16:48:13Z,true,0
98bffba0-272a-49a9-9817-e9d3d02ba77b,350581,tt19894774,The Braid,2023,2023-12-09T20:40:06Z,2023-12-09T20:40:07Z,true,0
988832d5-03f2-4599-83bd-e85cc22bd0cb,413,tt0071853,Monty Python and the Holy Grail,1976,2023-03-31T20:49:59Z,2023-03-31T20:49:59Z,true,0
984a8eb2-b9ac-4130-807b-eac5e97769ac,380,tt0099685,GoodFellas,1990,2025-02-10T01:40:23Z,,false,0
97e9da54-eafc-4646-bd0b-086c7968d0fa,355645,tt30784256,The Second Act,2024,2024-05-17T15:53:55Z,2024-05-17T15:53:55Z,true,0
978899c4-5194-4568-b922-0bd2874c4c1a,169,tt0133093,The Matrix,1999,2022-11-06T05:26:25Z,2022-11-06T05:26:25Z,true,0
9722666f-dbc4-41cd-a917-2bd26e3ef21c,458,tt0268380,Ice Age,2002,2022-11-06T05:26:33Z,2022-11-06T05:26:33Z,true,1
9639167d-e53e-4a6e-9ec2-61628bc65858,146582,tt8097030,Turning Red,2022,2022-10-31T15:50:06Z,2022-10-31T15:50:06Z,true,0
960fa26d-21c3-4363-9cba-63f06da7fc7a,3874,tt0097216,Do the Right Thing,1989,2024-04-01T19:48:19Z,2024-04-01T19:48:19Z,true,0
95daa4b6-3c6c-4751-ae88-7921f5d4d77c,1291,tt4550098,Nocturnal Animals,2016,2022-12-20T15:34:59Z,2022-12-20T18:05:46Z,true,0
94d96137-aac6-469e-b695-5a3796d978a2,344,tt0094721,Beetlejuice,1988,2024-07-23T06:50:22Z,2024-07-23T06:50:22Z,true,0
9452687a-d609-457f-a800-4fa62f32e3a6,223462,tt9100054,The Lost Daughter,2022,2023-03-03T18:13:06Z,2023-03-03T18:13:06Z,true,0
941afa5f-0402-463f-bdd5-029631e70850,410,tt1673434,The Twilight Saga: Breaking Dawn - Part 2,2012,2023-04-12T19:20:11Z,2023-04-12T19:20:20Z,true,0
932511c4-2e29-4398-ac60-b6c446acf46b,344178,tt17351924,Saltburn,2023,2024-01-11T11:05:41Z,2024-01-14T14:58:04Z,true,0
922e3430-e472-4046-8144-c99cfe77ae59,332783,tt3447590,Roald Dahl's Matilda The Musical,2022,2023-02-01T15:39:13Z,2023-02-13T19:36:40Z,true,0
92217a75-9946-4893-9e35-9e9483686122,6752,tt0084555,Santa Claus Is a Stinker,1982,2022-12-02T16:47:53Z,2022-12-02T16:47:55Z,true,0
91e97843-f1f5-487f-996d-50e8c580450d,339249,tt21692408,Kung Fu Panda 4,2024,2024-03-29T16:25:40Z,2024-03-29T16:25:40Z,true,0
91e579c9-7b9f-49a2-b63b-1e165f79d50b,131117,tt2948372,Soul,2020,2022-10-31T15:50:19Z,2022-10-31T15:50:20Z,true,0
919bfa79-f34f-470d-9472-d04016613b23,89,tt2294629,Frozen,2014,2022-11-01T18:44:44Z,2022-11-01T18:44:44Z,true,0
914349d1-b360-4a94-b4b6-197fa8fe8ac7,255,tt4846340,Hidden Figures,2017,2022-11-01T18:47:19Z,2023-01-29T19:52:04Z,true,0
910814c2-127a-48ce-89a4-aa0b3567d18a,345680,tt26915336,Mars Express,2023,2023-12-10T18:38:48Z,2023-12-10T18:38:48Z,true,0
907c43d4-92e7-4351-8662-d679bbfa1dba,9846,tt6856242,The King's Man,2022,2022-11-01T20:16:16Z,2022-11-01T20:16:17Z,true,0
903a576e-a716-4abc-b69b-3a1003d9d5af,281,tt0458352,The Devil Wears Prada,2006,2022-11-06T05:26:43Z,2022-11-06T05:26:43Z,true,1
8fdf3731-753a-49ca-aee7-0e47b6df4114,350238,tt21800162,There is Still Tomorrow,2024,2024-03-18T11:06:56Z,2024-03-18T11:06:56Z,true,0
8fa83a75-be65-4d8f-bc09-09123d9ea0ba,159728,tt13032716,Dancing Queens,2021,2024-01-14T09:28:09Z,2024-01-14T09:28:09Z,true,0
8ef12c09-c030-4ccf-ba3e-ed313393a427,6187,tt1160419,Dune: Part One,2021,2023-08-26T19:17:10Z,2023-08-26T19:17:10Z,true,0
8ed79c61-2216-477a-a52e-871d7895ca2b,5483,tt1630029,Avatar: The Way of Water,2022,2022-12-29T23:08:32Z,2022-12-29T23:08:32Z,true,0
8e76c65a-9440-4e12-9ffa-84a4c2fb958c,229,tt0110475,The Mask,1994,2022-11-15T20:49:34Z,2022-11-15T20:49:38Z,true,0
8de97903-79f4-4fc1-ad40-06667e07e02d,523,tt7489816,Nothing to Hide,2018,2023-02-01T15:40:35Z,,false,0
8cff3f01-65e1-4e0f-a70a-82e08a218da5,346573,tt11858890,The Creator,2023,2023-10-26T21:13:28Z,2023-10-26T21:13:28Z,true,0
8cfb0b06-8564-470e-b42e-475286ae60b3,344251,tt11378946,Michael,2026,2026-05-15T18:12:46Z,2026-05-15T18:12:46Z,true,0
8c4a0e12-e811-4729-b953-6f6074db9e5b,419,tt0172495,Gladiator,2000,2024-10-28T22:33:41Z,2024-10-28T22:33:41Z,true,0
8bf1e306-5fd7-48ef-bc3e-8cf37da56685,363181,tt30810792,Love,2024,2025-07-31T05:55:03Z,2025-07-31T05:55:03Z,true,0
8b9f98b4-5ad6-4aed-b2d5-82f478dcd822,177,tt0383574,Pirates of the Caribbean: Dead Man's Chest,2006,2022-11-06T05:26:48Z,2022-11-06T05:26:48Z,true,0
8b7b147b-9df0-49d1-9ab2-3f01f340c813,136492,tt15468958,Mean Girls,2024,2024-01-18T21:04:27Z,2024-01-18T21:04:27Z,true,0
8acdf7f7-88d1-4e10-92d5-296f7b64c50e,128,tt0373889,Harry Potter and the Order of the Phoenix,2007,2022-11-06T05:26:53Z,2022-11-06T05:26:53Z,true,1
893c636e-f7d2-4646-875f-872940c37cdb,725,tt0120131,The Lion King II: Simba's Pride,1998,2022-11-06T05:27:08Z,2022-11-06T05:27:09Z,true,0
88b5eeea-84da-41a2-ae5a-3cec6ec49696,597,tt0454876,Life of Pi,2012,2024-01-26T20:04:40Z,,false,0
889d5437-441c-45f4-a572-44e563639c69,3927,tt0299658,Chicago,2002,2024-01-14T09:46:33Z,2024-01-14T09:46:33Z,true,0
88802e69-1264-4e0a-b29a-20ebde310d0f,1100,tt1632708,Friends with Benefits,2011,2023-04-12T19:20:54Z,2023-04-12T19:20:54Z,true,0
88164b03-164e-4042-921e-2f5bbb9e829d,7037,tt2631186,Baahubali: The Beginning,2015,2025-02-09T02:00:50Z,,false,0
87ccba5d-e3b7-4382-a024-7221d7e5012f,343586,tt13238346,Past Lives,2023,2023-12-22T18:59:12Z,2023-12-22T18:59:14Z,true,0
87b7e550-1301-4db2-bfb7-96b89ec164a0,3348,tt7534054,Sorry Angel,2018,2025-07-05T11:18:19Z,,false,0
873de39d-8e5a-4eb6-9887-9de2134720ce,368796,tt31777964,Guru,2026,2026-02-08T18:00:07Z,2026-02-08T18:00:07Z,true,0
86762707-1921-4bef-83df-2cbe458798f8,145851,tt6432466,Moxie,2021,2022-11-15T20:46:21Z,2022-11-15T20:46:21Z,true,0
86570b3f-2dfc-4762-b8bb-39163da88507,363187,tt30810787,Dreams,2024,2025-07-15T19:40:54Z,2025-07-15T19:40:54Z,true,0
85447af1-ac34-476c-b5f6-411bb9d7c110,567,tt0837562,Hotel Transylvania,2012,2022-11-15T20:49:48Z,2022-11-15T20:49:52Z,true,0
8524d86e-11af-42b5-9637-1fa18664e218,253,tt1587310,Maleficent,2014,2022-10-31T15:47:15Z,2022-10-31T15:47:15Z,true,0
84d33ffb-962d-4045-aae3-288bbf429368,12597,tt0086420,"So Long, Stooge",1983,2024-05-25T09:28:54Z,,false,0
84143963-aa82-4f10-929d-111663bdb2fc,158867,tt14230458,Poor Things,2024,2024-01-24T21:42:19Z,2024-01-24T21:42:19Z,true,0
8225f438-4146-43a3-b408-605c8af1e8fd,2954,tt0293508,The Phantom of the Opera,2004,2023-02-23T18:13:03Z,2023-02-26T17:52:19Z,true,0
8131c68e-406c-4d80-9d71-87c6056fd99b,816,tt0087332,Ghostbusters,1984,2023-10-12T05:04:19Z,2023-10-12T05:04:19Z,true,0
813131fa-20a3-44f3-8c69-30f5c9422ada,362842,tt28488187,A Normal Family,2025,2025-06-17T20:47:18Z,2025-06-17T20:47:18Z,true,0
806dfa10-ad40-4e60-a878-ba49a8326f03,331939,tt6710474,Everything Everywhere All at Once,2022,2022-11-06T05:17:34Z,2023-01-07T17:44:52Z,true,0
7f7f4dd8-dc54-4198-a2ad-2cbc362044d0,358595,tt31193180,Sinners,2025,2025-06-17T20:45:23Z,2025-06-17T20:45:23Z,true,0
7f25e25a-1786-4f38-a783-c628ea3a7323,270,tt5052448,Get Out,2017,2022-11-15T20:38:42Z,2022-11-15T20:38:42Z,true,0
7f111a9f-c72f-4aaa-8d47-e5e98596f087,74351,tt5477402,Strike a Pose,2016,2025-09-29T16:44:36Z,,false,0
7ef0a9b9-e6b3-4972-b0b1-1f4a5da50a26,345308,tt22695402,Hunger,2023,2023-04-28T22:59:31Z,2023-04-28T22:59:31Z,true,0
7e645c16-f873-4365-a602-8f54235094b8,356345,tt26581740,Weapons,2025,2025-09-06T14:55:04Z,2025-09-06T14:55:05Z,true,0
7e43368d-eb1c-4e03-8ecf-86c598245419,335,tt2084970,The Imitation Game,2015,2022-11-15T20:45:49Z,2022-11-15T20:45:50Z,true,0
7cd7ff4f-3d0d-4fea-b3e5-7b884a4a184f,342808,tt13097932,One Life,2024,2024-03-01T18:16:42Z,2024-03-01T18:16:42Z,true,0
7c5d59d9-4a74-46d8-b0df-741e3ec495ac,332616,tt15340724,20th Century Girl,2022,2023-02-01T15:38:19Z,2024-01-02T17:37:59Z,true,0
7c141876-8bdd-483e-a8d3-32f5a2eb6caf,346853,tt1200263,The Color Purple,2024,2024-02-03T08:46:09Z,2024-02-03T08:46:09Z,true,0
7bc1b69b-d2a0-42aa-891d-87434ca11faa,346618,tt27490099,Beating Hearts,2024,2024-10-27T19:02:44Z,2024-10-27T19:02:44Z,true,0
7b4da42b-17b0-4593-a6a4-3d2bb581869d,367670,tt29141179,Mond,2024,2025-07-21T20:34:09Z,2025-07-21T20:34:09Z,true,0
7b4bd41a-0483-4adf-90d6-8b995a065285,154552,tt9421570,The Guilty,2021,2022-11-07T11:27:25Z,,false,0
79ed2c8c-a3ac-4d98-ad4a-f7b3969181a9,365812,tt33322174,Qui brille au combat,2025,2026-01-17T21:45:14Z,2026-01-17T21:45:15Z,true,0
79e201f8-23f7-4983-a1ad-fe0c8a50abdd,374747,tt36955518,Jim Queen,2026,2026-06-20T19:47:40Z,2026-06-20T19:47:42Z,true,0
79a0606f-d9d1-4e15-9005-03446f2296a4,346099,tt27502426,Four Daughters,2023,2024-01-11T20:37:35Z,2024-01-11T20:37:35Z,true,0
799d129a-db94-48f7-b784-79553deb7d49,365232,tt27722618,Left-Handed Girl,2025,2025-09-21T11:24:23Z,2025-09-21T11:24:23Z,true,0
78bdccb1-7291-4d79-a4b3-d4e4e198348a,559,tt0438097,Ice Age: The Meltdown,2006,2022-11-06T05:27:21Z,2022-11-06T05:27:21Z,true,0
78b828be-c6a0-486e-91aa-3abeb299c9de,345,tt8954732,The Princess Switch,2018,2022-11-15T20:45:36Z,2022-11-15T20:45:37Z,true,0
78a0d677-5e7e-423d-a0ab-b669754885f1,7644,tt7286456,Joker,2019,2022-10-31T15:47:15Z,2022-10-31T15:47:15Z,true,0
780fa612-3916-40e9-a1c3-6b2e75197395,315,tt1049413,Up,2009,2022-11-06T05:27:30Z,2022-11-06T05:27:30Z,true,0
78079d78-9387-4cbe-9adf-8ded6b6decc4,344109,tt26443597,Zootopia 2,2026,2025-12-20T16:25:12Z,2025-12-20T16:25:12Z,true,0
775e107d-a8ec-4639-aa5c-3f59156b562c,373002,tt32429174,Calle Málaga,2025,2026-03-14T14:43:12Z,2026-03-14T14:43:12Z,true,0
7749418c-66b4-4fde-b919-c8e0cf5ea229,135960,tt2935622,The School for Good and Evil,2022,2022-11-01T18:45:31Z,2022-11-01T18:45:32Z,true,0
764c0e69-8705-44a5-b1a2-de779a877249,268400,tt7014378,The summit of the Gods,2021,2025-01-06T10:20:00Z,,false,0
75f26a3b-9428-4603-81ba-eb216d6e20fc,11942,tt0100332,Paris Is Burning,1990,2022-11-12T21:19:12Z,2022-11-15T20:34:56Z,true,0
75c65750-713e-4f21-9dfe-7dfcfde27a63,3448,tt0108500,The Visitors,1993,2022-11-15T20:45:33Z,2022-11-15T20:45:33Z,true,0
75c1feaf-87e6-4d12-beb1-32ba747caf29,368206,tt34477899,Le Gang des Amazones,2025,2025-11-16T12:21:15Z,2025-11-16T12:21:15Z,true,0
75a7a892-832e-4505-a1d2-6d936577f3f9,1044,tt1659337,The Perks of Being a Wallflower,2013,2025-10-12T17:55:32Z,2025-10-12T17:55:32Z,true,0
758d716d-5a34-4c48-8a79-4fa2416e2a91,132448,tt10872600,Spider-Man: No Way Home,2021,2026-04-18T17:16:03Z,2026-04-18T17:16:04Z,true,0
7509b172-6138-4aec-bdd8-b3e081cc310a,60871,tt0120903,X-Men,2000,2022-11-15T20:45:28Z,2022-11-15T20:45:29Z,true,0
74b757de-9708-4a23-a42e-aa36929bf1e9,346266,tt19121700,You Do You,2023,2023-06-13T19:48:51Z,2023-06-13T19:48:51Z,true,0
749dd0ef-bb4e-4a60-9ead-b398a3a755d5,344245,tt26743414,Monsieur Aznavour,2024,2024-10-23T18:52:41Z,2024-10-23T18:52:42Z,true,0
7474275d-7e78-44c0-b289-751e3af5080d,158345,tt14599938,Sweet & Sour,2021,2023-06-21T10:52:00Z,2023-06-21T10:52:00Z,true,0
73e4c862-094a-4144-ac11-8b0e31603c5b,338502,tt13327038,Do Revenge,2022,2022-11-01T18:45:49Z,2022-11-01T18:45:50Z,true,0
732acc39-23f3-4836-9575-623bbc5a6a73,536,tt5164432,"Love, Simon",2018,2024-04-14T20:42:27Z,2024-04-14T20:42:27Z,true,0
730bca48-1d4a-4189-b6d4-41234bf8caac,5392,tt0765010,Brothers,2009,2022-11-07T11:26:15Z,,false,0
72cd1fd5-d488-4cbb-9525-72f5c65c318e,346663,tt15732890,The Book of Solutions,2023,2023-09-16T15:34:00Z,2023-09-16T15:34:00Z,true,0
724d75e3-5d7c-4af6-a6b4-5f331cd4d0af,290272,tt15239678,Dune: Part Two,2024,2024-03-11T11:17:40Z,2024-03-11T11:17:42Z,true,0
722479e6-ad35-49dc-8cd3-cc7f47174599,341275,tt19719836,Return to Seoul,2022,2023-02-13T08:58:02Z,2023-02-13T08:58:02Z,true,0
72129b83-5cee-4e6f-b2a2-a55b86817fdb,3807,tt0156887,Perfect Blue,1997,2024-12-04T19:32:53Z,,false,0
717a64a7-8040-4c6b-88e2-3552e890fb54,26,tt2015381,Guardians of the Galaxy,2014,2022-11-01T18:47:01Z,2022-11-01T18:47:02Z,true,0
71455fc5-b068-4945-9478-1f5ab970e240,344936,tt24070754,All Your Faces,2023,2023-06-23T18:22:40Z,2023-06-23T18:22:40Z,true,0
70ffc6be-cfde-4ec9-a0ac-9f48302af7de,693,tt1014759,Alice in Wonderland,2010,2022-11-01T20:27:29Z,2022-11-01T20:27:29Z,true,0
70286776-53ca-4923-8fd8-f513e57c52be,157645,tt10172266,"Red, White & Royal Blue",2023,2023-08-15T16:39:34Z,2023-08-15T16:39:34Z,true,0
6fccd8ba-c7b8-4976-9a28-12901af4cf36,787,tt1277953,Madagascar 3: Europe's Most Wanted,2012,2022-11-01T20:29:44Z,2022-11-01T20:29:44Z,true,0
6f1e718d-4acc-46d2-870c-82574625dce7,2000,tt0279967,Mulan II,2004,2022-11-15T20:54:34Z,2022-11-15T20:54:35Z,true,0
6efb539b-1d8f-4e8c-b32f-982f511ad119,339627,tt21254598,Cobweb,2023,2023-11-10T20:06:49Z,2023-11-10T20:06:49Z,true,0
6e76fb73-0ea4-41ff-9350-2ed233a95980,1118,tt1446192,Rise of the Guardians,2012,2022-11-15T21:05:13Z,2022-11-15T21:05:13Z,true,0
6cfd4245-4414-4e5f-906a-cc9efe2f136b,556,tt1675434,The Intouchables,2011,2022-11-06T05:27:58Z,2022-11-06T05:27:58Z,true,0
6b3b0e9a-d8b3-4fed-b95d-1b3a298d4253,1508,tt0421715,The Curious Case of Benjamin Button,2009,2022-12-17T12:41:39Z,2022-12-17T12:41:40Z,true,0
6ae3f423-3edb-4f7d-9a66-3bf9a6215782,355669,tt28131427,Black Dog,2024,2025-03-12T06:52:24Z,2025-03-12T06:52:24Z,true,0
6a0ef7a1-4e32-435e-ba6a-f469896b6720,131171,tt5503686,Hustlers,2019,2024-01-25T16:22:33Z,2024-01-25T16:22:33Z,true,0
69eac434-2b1f-48af-ab17-f4d89e0e254d,711,tt1798709,Her,2014,2023-08-14T16:57:41Z,2023-08-14T16:57:41Z,true,0
696c5013-827f-4657-84e8-e2d4f3d65ee2,366590,tt30220107,Renoir,2025,2025-09-20T21:10:56Z,2025-09-20T21:10:56Z,true,0
68b12153-f30f-4e5d-ba10-3c9014752700,340451,tt17679584,The Blue Caftan,2023,2025-07-05T11:19:11Z,,false,0
680456ad-78b1-453b-9005-a376faabb5ab,1868,tt0080455,The Blues Brothers,1980,2023-03-26T20:21:25Z,2023-03-26T20:21:25Z,true,0
67215e3d-5090-458b-8180-02216fd6135c,25921,tt4729430,Klaus,2019,2022-11-15T21:04:33Z,2022-11-15T21:04:34Z,true,1
666c3d92-74d4-4d09-a0f2-ac163b56f521,114726,tt0100132,Memories of Murder,1990,2025-02-10T01:40:38Z,,false,0
660e2dd1-3721-4f6a-93f4-38345bb6de91,5516,tt1126591,Burlesque,2010,2022-11-15T20:44:59Z,2024-01-01T21:13:58Z,true,0
66099a79-a842-4973-94cc-93690f22fdde,863,tt0211915,Amélie,2002,2022-11-15T20:44:57Z,2022-11-15T20:44:58Z,true,0
64e8f2b8-f852-48e4-aeb9-58185c3c7b47,349854,tt29313285,Little Amélie or the Character of Rain,2026,2025-07-15T19:40:32Z,2025-07-15T19:40:33Z,true,0
64a608a4-fe51-4c50-8f52-3f0049721669,355416,tt30144839,One Battle After Another,2025,2025-10-12T17:54:31Z,2025-10-12T17:54:31Z,true,0
64234403-3c05-4cdd-9a48-c59952c57805,336561,tt7405458,A Man Called Otto,2023,2023-05-12T13:49:00Z,2023-05-12T13:49:00Z,true,0
63e60b10-630b-4b01-b95a-93ff0bd89bfe,346729,tt12042730,Project Hail Mary,2026,2026-03-29T18:54:43Z,2026-03-29T18:54:43Z,true,0
63583ca2-a694-455a-a486-ba464204958c,3640,tt7029854,The Mansion,2019,2025-11-02T07:41:03Z,2025-11-02T07:41:04Z,true,0
6327ee69-42b4-4006-8069-ab25f9d71364,131608,tt8613070,Portrait of a Lady on Fire,2019,2023-05-19T20:09:25Z,,false,0
6308126b-c780-4864-a499-1fc825d73177,353259,tt21823606,A Real Pain,2025,2025-03-01T21:34:48Z,2025-03-01T21:34:48Z,true,0
62b9fa50-bc85-4227-8f88-427cb10b5761,351035,tt31956415,Freakier Friday,2025,2025-08-31T12:21:25Z,2025-08-31T12:21:32Z,true,0
627dde5c-dfc2-436f-99ac-418c223e9511,13538,tt4712810,Now You See Me: Now You Don't,2025,2025-11-23T12:24:42Z,2025-11-23T12:24:51Z,true,0
61be6ff7-d472-4c4b-840e-26f0a7a16482,349174,tt26255020,Consent,2023,2023-10-18T20:05:28Z,2023-10-18T20:05:28Z,true,0
6178b99d-302f-4b77-a638-0c56a224fc3d,356676,tt28375311,The Balconettes,2024,2024-12-17T21:44:52Z,2024-12-17T21:44:52Z,true,0
615daa5a-bcfc-4f32-8a17-c4a511bf85ac,349064,tt31392609,How to Make Millions Before Grandma Dies,2025,2025-04-27T21:06:48Z,2025-04-27T21:06:48Z,true,0
60fd323f-2b12-4740-bebe-30778f6422d2,70065,tt9639470,Last Night in Soho,2021,2022-11-01T18:46:17Z,2023-06-11T14:28:05Z,true,0
60f98289-c78f-4047-b21f-fa6d851d3d38,468,tt0795421,Mamma Mia!,2008,2022-11-15T20:50:33Z,2022-11-15T20:50:37Z,true,0
6039b24b-786f-4682-a4f9-4cb1f685b466,1211,tt1392170,The Hunger Games,2012,2022-11-06T05:28:01Z,2022-11-06T05:28:01Z,true,0
5ff46212-225f-440b-b1fd-b34f98754ebe,6438,tt0449059,Little Miss Sunshine,2006,2022-11-01T18:46:57Z,2022-11-01T18:46:57Z,true,1
5f85fbe5-8e95-41af-a373-0164deca76d2,933,tt0118617,Anastasia,1997,2022-11-15T21:04:08Z,2022-11-15T21:04:09Z,true,0
5e836eeb-9254-4a3b-addd-71bc366669e4,196,tt0449088,Pirates of the Caribbean: At World's End,2007,2022-11-06T05:28:05Z,2022-11-06T05:28:05Z,true,0
5e3a85ab-12d5-4af3-8fd0-eeb5c0163d6c,336742,tt16426418,Challengers,2024,2024-05-01T18:04:11Z,2024-05-01T18:04:11Z,true,0
5d17ad6d-9593-462f-aed0-a3747448dbc6,346688,tt27510455,Mondays,2023,2024-05-11T20:34:36Z,2024-05-11T20:34:36Z,true,0
5c539043-3845-4f20-9ffb-f5e62c717938,345695,tt17009710,Anatomy of a Fall,2024,2023-09-27T19:01:12Z,2023-09-27T19:01:12Z,true,0
5bf6f00a-1e99-4d8b-8cca-039faa86f448,4570,tt1114677,Hannah Montana: The Movie,2009,2023-11-14T02:42:08Z,2023-11-14T02:42:08Z,true,0
5bdb1f17-d186-485d-8007-ae768900518d,157995,tt12545566,Mr. Malcolm's List,2022,2026-02-20T23:28:37Z,2026-02-20T23:28:38Z,true,0
5bc9a9e1-00de-4c23-b1b4-d7904cdbdaf6,932,tt0962726,High School Musical 3: Senior Year,2008,2022-11-06T05:28:11Z,2022-11-06T05:28:12Z,true,0
5a432bdc-e493-410b-bee8-af93095c6fcf,63,tt0295297,Harry Potter and the Chamber of Secrets,2002,2022-10-31T15:47:15Z,2022-10-31T15:47:15Z,true,0
59c08a11-3f71-458f-806f-aa884483fc8d,355411,tt13650700,A Big Bold Beautiful Journey,2025,2025-10-05T16:36:43Z,2025-10-05T16:36:43Z,true,0
5979c5aa-5944-445d-8cc3-c869e93cc1b5,75172,tt4777008,Maleficent: Mistress of Evil,2019,2022-10-31T15:47:15Z,2022-10-31T15:47:15Z,true,0
5824927a-da2e-4057-bb42-94cd2fb5f240,337249,tt9764362,The Menu,2022,2022-12-02T16:07:05Z,,false,0
581a309d-e9f9-49e9-bc95-7cb436032c6d,365233,tt30268321,Eleanor the Great,2025,2025-11-29T12:10:36Z,2025-11-29T12:10:37Z,true,0
57c5d108-710a-43fd-947b-a915b454a21f,353073,tt27627192,Under Paris,2024,2024-08-08T11:06:16Z,2024-08-08T11:06:16Z,true,0
5780c8c1-88fc-4249-9ff3-458a7d2dc63a,2144,tt0070608,Robin Hood,1973,2022-11-15T21:02:27Z,2022-11-15T21:02:28Z,true,0
56efdd38-ff67-4bac-9f6f-bd48a837c7ac,467,tt0053285,Sleeping Beauty,1959,2022-11-15T21:02:24Z,2022-11-15T21:02:24Z,true,0
55a2f374-66e3-40eb-8814-faccd0c89f75,350493,tt20221436,Emilia Pérez,2024,2024-08-23T14:52:59Z,2024-08-23T14:52:59Z,true,0
55294da6-56da-4d4f-bf85-7a33a4a3124f,720,tt3416828,Ice Age: Collision Course,2016,2022-11-06T05:28:31Z,2022-11-06T05:28:31Z,true,0
54fe8e61-5142-4f12-9f74-560206303205,368673,tt14142060,Rental Family,2026,2026-02-20T23:29:31Z,2026-02-20T23:29:32Z,true,0
54df8fc5-864e-4496-a21e-c34e98866104,346126,tt27503384,Perfect Days,2024,2023-12-15T19:25:19Z,2023-12-15T19:25:20Z,true,0
5491e4d2-3975-4dd6-a468-82186c243a47,708,tt0120623,A Bug's Life,1999,2022-11-15T21:02:15Z,2022-11-15T21:02:16Z,true,0
5473ee4e-f9e9-4fd0-bfb4-05f463451ef9,211,tt1298650,Pirates of the Caribbean: On Stranger Tides,2011,2022-11-06T05:28:42Z,2022-11-06T05:28:42Z,true,0
542b708e-be1e-47f1-b485-5db3b8244b1a,352,tt0163651,American Pie,2000,2022-11-15T20:44:09Z,2022-11-15T20:44:10Z,true,0
540ebe27-e6e3-45a4-9e38-b63a9c97769c,355386,tt1527793,No Other Choice,2026,2026-02-22T19:38:18Z,2026-02-22T19:38:18Z,true,0
53a91a60-d343-4368-af2f-b92b058a2d3e,367062,tt22530226,A Useful Ghost,2025,2025-09-01T15:22:18Z,2025-09-01T15:22:18Z,true,0
537ea3f1-784c-44a2-a67b-0f2b0f1c1348,2547,tt1915581,Magic Mike,2012,2025-03-23T19:28:00Z,2025-03-23T19:28:00Z,true,0
5333d719-e63b-49fa-986a-1b5c9fdcc24f,341090,tt22872766,Panayotis Pascot: Almost,2022,2022-11-06T05:41:21Z,2022-11-06T05:41:36Z,true,0
52995b68-a59b-4fbb-8835-da5f0e785b93,366896,tt36965993,I Love Peru,2025,2025-07-31T05:54:11Z,2025-07-31T05:54:11Z,true,0
5112cff4-e912-4e68-97d1-3ba37820a8a3,925,tt0043274,Alice in Wonderland,1951,2022-11-01T20:30:05Z,2022-11-01T20:30:05Z,true,0
50f7c028-086a-4829-aa22-19d258875fda,1247,tt0120630,Chicken Run,2000,2024-01-05T15:32:29Z,2024-01-05T15:32:31Z,true,0
50f035ff-35fd-44a8-99e5-c574398d2c86,365225,tt13968662,A Magnificent Life,2025,2025-10-19T11:23:02Z,2025-10-19T11:23:02Z,true,0
50c4ba03-8cd6-4748-8c46-5b7a28c1e66f,288,tt3110958,Now You See Me 2,2016,2025-11-23T12:24:40Z,2025-11-23T12:24:46Z,true,0
50321201-f5ab-4896-96c3-a36cc5ba1b47,331,tt0198781,"Monsters, Inc.",2002,2022-11-06T05:28:46Z,2022-11-06T05:28:46Z,true,0
4fac0474-a1e4-4dc1-b1b4-e8fc07478e83,362970,tt35222590,Exit 8,2026,2026-05-15T18:16:55Z,,false,0
4f0a8910-24e3-4dd5-ac28-75f8daff3138,2303,tt0985699,Valkyrie,2008,2025-09-21T18:54:44Z,,false,0
4f0137c0-0c6b-41a5-a0ad-5309fdf617c1,402,tt0298148,Shrek 2,2004,2022-11-01T20:25:30Z,2022-11-01T20:25:30Z,true,1
4ed71d00-7859-4db6-9c4e-c5f0d13032d9,350804,tt12908150,The Life of Chuck,2024,2025-06-26T16:50:38Z,2025-06-26T16:50:39Z,true,0
4e049945-9d93-42a2-a53d-c625ef2088b0,6040,tt0808417,Persepolis,2007,2023-08-24T20:15:36Z,2023-08-24T20:15:36Z,true,0
4dc17ca1-d88c-46fb-878a-d35554ff6ab4,1992,tt1392214,Prisoners,2013,2022-11-07T11:25:44Z,,false,0
4da8eb61-4aa4-496d-948f-577c925d1c97,2298,tt0104652,Porco Rosso,2010,2022-11-01T20:30:00Z,2022-11-01T20:30:00Z,true,0
4ae4c259-b063-4330-a688-0eb3fc619855,377,tt0110357,The Lion King,1994,2022-10-31T15:47:15Z,2022-10-31T15:47:15Z,true,0
4a591eb3-1528-4ca7-b425-dc836cad17bf,362395,tt29887422,Des jours meilleurs,2025,2025-05-13T16:36:21Z,2025-05-13T16:36:22Z,true,0
49dbd909-d08b-415f-a9e8-4c51c6e6407f,354521,tt19121072,Borgo,2024,2024-04-20T04:20:12Z,2024-04-20T04:20:12Z,true,0
495f47ab-7e40-4052-b1e2-3fb57e462f9b,31368,tt0071690,"Je, Tu, Il, Elle",1974,2025-07-05T11:18:06Z,,false,0
492dfa1c-8820-4c4c-a5fb-233fcbf318e0,369385,tt5179884,My Tennis Maestro,2025,2026-03-14T20:51:05Z,2026-03-14T20:51:05Z,true,0
4913f132-0cb1-4a57-8c84-5ae107f00b53,95487,tt1655389,Blonde,2022,2022-11-15T20:37:52Z,,false,0
48b5cbd7-d13f-4750-8984-5990a43cff38,332905,tt13482806,Zero Fucks Given,2022,2023-03-09T16:23:22Z,,false,0
480032ef-e2f2-4d4a-804b-edb08e08ff79,59,tt2395427,Avengers: Age of Ultron,2015,2022-10-31T15:47:15Z,2022-10-31T15:47:15Z,true,0
46a39b24-3450-46b3-8c3e-d6497333ce30,327453,tt8454530,Les bonnes conditions,2018,2023-07-26T14:31:13Z,,false,0
467d2950-cb96-47b2-89bf-9170b3f0d30a,355204,tt30795948,A Little Something Extra,2024,2024-05-08T14:14:56Z,2024-05-08T14:14:56Z,true,0
4583a7b9-b3b5-4ceb-9fb4-b866b9edb8bc,2475,tt0101272,The Addams Family,1992,2022-11-15T20:53:11Z,2022-11-15T20:53:11Z,true,0
456c7126-4563-465c-88b9-f1a634a6cf11,338719,tt21195548,Buba,2022,2022-11-06T22:16:00Z,,false,0
451497a1-3596-4cec-8fe1-ce457ec98946,150,tt3846674,To All the Boys I've Loved Before,2018,2022-10-31T15:47:15Z,2022-10-31T15:47:15Z,true,0
44e760b8-00ef-469a-ad50-cf27aad26876,131843,tt9522080,Papicha,2020,2023-05-19T19:43:29Z,,false,0
449e687f-d884-431b-8695-1315fdf3eb5a,145983,tt9838372,The Lady Improper,2019,2024-05-12T18:35:05Z,,false,0
44872b66-533a-471d-a32c-dab181c9e3bd,355404,tt27403986,Juror #2,2024,2024-11-03T17:27:02Z,2024-11-03T17:27:02Z,true,0
4403bf54-4851-449c-b345-e5cbd46236c7,4111,tt2013293,The Wind Rises,2014,2022-11-15T21:01:05Z,,false,0
4400b76d-bbd5-4a86-80b9-6585dc8bd715,132145,tt11135842,Vertigo,2019,2023-12-31T11:49:24Z,,false,0
43a49c9f-9bc5-4e18-98b5-a93b8dca2d3f,141495,tt11286314,Don't Look Up,2021,2022-11-06T05:29:08Z,,false,0
435cf819-bcc7-4eeb-a6f9-980fc7443621,129,tt2582802,Whiplash,2014,2023-03-01T20:26:46Z,2023-03-01T20:26:46Z,true,0
4273cc26-528e-463e-814e-534e3e50eceb,2,tt1727824,Bohemian Rhapsody,2018,2022-11-15T20:43:21Z,,false,0
42212253-cdec-4f77-9f18-1352c05ea10a,1976,tt0057546,The Sword in the Stone,1963,2022-11-15T20:43:14Z,2022-11-15T20:43:15Z,true,0
4211c259-0daf-4ebf-8848-4e06623de07c,1114,tt0461770,Enchanted,2007,2022-11-15T20:43:11Z,2022-11-15T20:43:11Z,true,0
4142a685-77dc-413b-853d-b6a3cee3d645,370241,tt31514146,I Swear,2026,2026-04-13T10:18:47Z,2026-04-13T10:18:47Z,true,0
3fdb5a88-bd37-4da3-b775-d868292fbb0d,302,tt0482571,The Prestige,2007,2023-02-01T15:40:01Z,2023-02-01T15:40:01Z,true,0
3f64952b-b92e-4992-9aa5-ed6577a8996f,347724,tt8521778,Bob Marley: One Love,2024,2024-02-28T20:43:37Z,2024-02-28T20:43:37Z,true,0
3f52091d-e822-46cc-ae85-cc5912f338a4,355679,tt32094597,My Sunshine,2024,2024-12-30T16:41:01Z,2024-12-30T16:41:01Z,true,0
3f22d7fd-99bf-46bc-8ea8-13ae9f673594,344262,tt14205554,KPop Demon Hunters,2025,2025-06-29T12:41:11Z,2025-06-29T12:41:11Z,true,0
3f0cd3f5-a89a-45a6-9e59-e1806b04068a,997,tt0952640,Alvin and the Chipmunks,2008,2023-11-05T08:59:16Z,2023-11-05T08:59:16Z,true,0
3ed5f0df-156d-47a7-8eba-5ec2dc66c52c,10902,tt3791302,Standing Tall,2015,2023-02-04T14:02:47Z,,false,0
3ecbc558-fcc3-478e-87d0-c1ce052c1adb,952,tt0120917,The Emperor's New Groove,2000,2022-11-06T05:29:13Z,2022-11-06T05:29:13Z,true,0
3d4f9db8-8958-421f-9ca3-05668261a275,360634,tt28082769,September 5,2025,2025-02-09T19:28:06Z,2025-02-09T19:28:06Z,true,0
3c19bd5e-8afe-4a00-b9e0-68fbf3cac295,3000,tt0983213,5 Centimeters per Second,2016,2022-11-15T21:00:38Z,2022-11-15T21:00:38Z,true,0
3c0765b2-6958-401e-93eb-58ddaedf2e33,671,tt3606752,Cars 3,2017,2022-10-31T15:50:02Z,2022-10-31T15:50:02Z,true,1
3bc5166e-0b1a-4322-94f8-ee71639654ce,151,tt2245084,Big Hero 6,2014,2022-11-15T21:00:33Z,2022-11-15T21:00:33Z,true,0
3b40d461-69b6-4303-b1fe-07f1545894c7,337127,tt13186604,Uglies,2024,2024-11-12T21:27:23Z,2024-11-12T21:27:23Z,true,0
3b0539c3-f544-4d57-a066-f63614f94570,226,tt0101414,Beauty and the Beast,1992,2022-11-15T21:00:29Z,2022-11-15T21:00:30Z,true,0
3ad52d92-03a2-4471-b685-a124db3645e2,355650,tt28319139,Wild Diamond,2024,2024-12-02T21:20:08Z,2024-12-02T21:20:08Z,true,0
3a8d038c-f8bb-4c12-86ff-1bfff58cbc48,1505,tt0076618,The Rescuers,1977,2022-11-15T20:42:48Z,2022-11-15T20:42:49Z,true,0
3a5a4c84-7b0d-4997-ae79-2695f1eb54e4,306565,tt10374610,The Long Walk,2025,2025-10-30T06:27:18Z,2025-10-30T06:27:18Z,true,0
3a22e0c9-e52b-464f-9b27-b995a3690891,355640,tt28277817,Bird,2025,2025-01-14T18:52:58Z,2025-01-14T18:52:58Z,true,0
398a37af-09b6-4abb-8901-6279ece8e66e,107,tt0120737,The Lord of the Rings: The Fellowship of the Ring,2001,2022-11-01T18:46:06Z,2022-11-01T18:46:07Z,true,0
39015588-a5e4-4258-a1d7-4ec55664ff42,562,tt0317219,Cars,2006,2022-11-01T18:44:29Z,2022-11-01T18:44:29Z,true,0
388d5301-4725-4626-aa3e-a56a212e28a8,4059,tt1142977,Frankenweenie,2013,2022-11-01T20:19:41Z,,false,0
37fe11dc-0800-469e-a50c-3e5cfe885364,1172,tt0033563,Dumbo,1941,2022-11-15T21:00:18Z,2022-11-15T21:00:18Z,true,0
373dea32-0aa6-4e3d-bee5-ae0f58b6de6c,120455,tt1321510,In the Heights,2021,2023-12-11T17:20:59Z,2023-12-28T15:26:09Z,true,0
36ce635e-6472-4036-a2b8-2d3be203a291,6508,tt2278871,Blue Is the Warmest Color,2013,2023-05-19T17:32:19Z,2023-05-19T17:32:19Z,true,0
36121448-bbf4-4b7f-8def-d311b995a6d3,347355,tt22041854,Priscilla,2023,2024-01-15T08:59:16Z,2024-01-15T08:59:16Z,true,0
35d392d8-8616-4be4-a2cd-4122781a4090,256,tt0266543,Finding Nemo,2003,2022-10-31T15:47:15Z,2022-10-31T15:47:15Z,true,0
3597cc7e-ebad-429f-8152-26849d2a0feb,791,tt0119698,Princess Mononoke,1998,2022-10-31T16:00:01Z,2022-10-31T16:00:01Z,true,1
351831e0-5d67-4d59-9667-67a7f2370514,359067,tt33071426,The Drama,2026,2026-04-19T11:02:16Z,2026-04-19T11:02:16Z,true,0
33c2b067-9b51-4a0f-96d3-621f1feff1e7,362619,tt31024627,Le Roi Soleil,2025,2025-08-30T11:16:22Z,2025-08-30T11:16:22Z,true,0
33be00a7-655d-4e9f-9b35-393873a7001b,516,tt0910970,WALL·E,2008,2022-10-31T15:50:15Z,2022-10-31T15:50:15Z,true,0
33a5696a-ccd0-4e8d-b8c7-5733f6a182b4,77,tt2948356,Zootopia,2016,2022-11-15T21:00:03Z,2022-11-15T21:00:03Z,true,0
32f14266-ea93-4f8f-8771-a365f9490466,134446,tt3704428,Elvis,2022,2023-02-01T15:38:00Z,,false,0
32eddb1b-7906-4218-b5b1-1b155127b0b6,1385,tt0052357,Vertigo,1958,2024-01-15T08:58:53Z,,false,0
32e7f2a3-0012-4b09-b250-36ac5e3e5595,106,tt6644200,A Quiet Place,2018,2023-02-01T15:37:52Z,,false,0
30ecc384-0bd3-48bd-8f95-07d661ce6c38,122,tt1099212,Twilight,2008,2022-10-31T15:47:15Z,2022-10-31T15:47:15Z,true,1
309bf0b4-5d1d-4a9e-a891-9cd7f5ea485b,356682,tt30327451,The Marching Band,2024,2025-01-07T09:08:07Z,2025-01-07T09:08:07Z,true,0
3067f4f8-c34d-4a10-a869-6c08557e869c,115,tt1431045,Deadpool,2016,2022-10-31T15:47:15Z,2022-10-31T15:47:15Z,true,0
2f6cfd70-9bc6-49f1-b8e7-469004bd11df,132814,tt9362722,Spider-Man: Across the Spider-Verse,2023,2023-07-04T06:12:50Z,2023-07-04T06:12:50Z,true,0
2f640e9a-8db2-471e-9971-2abbffb7b654,6730,tt0181627,Kirikou and the Sorceress,1998,2022-11-15T20:59:45Z,2022-11-15T20:59:46Z,true,0
2f3f0146-d9ef-4f51-adc0-dee3db01c800,1561,tt0082406,The Fox and the Hound,1981,2022-11-15T20:59:36Z,2022-11-15T20:59:37Z,true,0
2f0e0702-f693-4adb-a0e0-1e175483cfae,392,tt1080016,Ice Age: Dawn of the Dinosaurs,2009,2022-11-06T05:29:44Z,2022-11-06T05:29:44Z,true,0
2ed16893-71c2-4e5d-8ef4-7d9dc589fa3e,2208,tt0057565,High and Low,1963,2025-02-10T01:41:05Z,,false,0
2e33fe62-b859-46ae-b72e-8e26d4ab37e1,365810,tt32792395,The Residence,2025,2025-09-28T16:34:32Z,2025-09-28T16:34:32Z,true,0
2de6a60c-d66f-40a3-bfb5-56cb2cc8741e,365784,tt28545881,Fanon,2025,2025-06-17T20:48:22Z,2025-06-17T20:48:22Z,true,0
2d4ab44f-b844-4feb-a20a-634b6d586a02,684,tt0170016,How the Grinch Stole Christmas,2000,2022-12-16T12:56:05Z,2022-12-28T16:43:43Z,true,0
2d34449a-15c6-4f88-909c-f0b0f4399d03,1182,tt0144084,American Psycho,2000,2022-11-15T20:37:42Z,2022-11-15T20:37:42Z,true,0
2d31fcc3-0d05-4f99-91e7-a9ba25649a72,372646,tt35455708,La Maison des femmes,2026,2026-03-07T13:08:41Z,2026-03-07T13:08:41Z,true,0
2c41a188-b550-44be-bb6b-c0d1c9604744,142,tt1201607,Harry Potter and the Deathly Hallows: Part 2,2011,2022-10-31T15:47:15Z,2022-10-31T15:47:15Z,true,0
2b9a44f9-2f87-4253-a9e3-f7c077b9b1cf,349942,tt25969960,Marie-Line et son juge,2023,2023-10-12T05:03:13Z,2023-10-12T05:03:13Z,true,0
2b688d44-6c1c-44f2-993c-f46111e59b84,354713,tt28650488,The Super Mario Galaxy Movie,2026,2026-06-28T10:56:02Z,2026-06-28T10:56:02Z,true,0
2b15fbb0-1f38-466b-83e6-1b4b4c12a673,1134,tt1022603,(500) Days of Summer,2009,2024-05-26T20:37:21Z,2024-05-26T20:37:21Z,true,0
2ad1d9e5-f540-4f2c-a613-9aa7f6cf73ff,346973,tt14961016,I'm Still Here,2025,2025-01-15T19:19:18Z,2025-01-15T19:19:18Z,true,0
2acf9a5a-2736-422c-873d-a50e7cfc61e0,286696,tt14992922,The Tinder Swindler,2022,2022-11-01T20:19:00Z,2022-11-01T20:19:01Z,true,0
2a87f153-781b-47fc-bad7-2dc7f97d89c6,336494,tt7160372,The Zone of Interest,2024,2024-02-09T19:22:23Z,2024-02-09T19:22:23Z,true,0
2a344bf3-5f29-4b28-b479-df0242870e0d,363074,tt33255286,Dog 51,2025,2025-10-19T11:23:44Z,2025-10-19T11:23:45Z,true,0
2a2d157a-ed2f-455f-9208-a71385fc2596,340045,tt14586118,Driving Madeleine,2024,2023-02-01T15:39:54Z,,false,0
29d4a9a1-6d12-4428-aae7-857194f69951,362,tt0441773,Kung Fu Panda,2008,2022-11-01T20:21:48Z,2022-11-01T20:21:48Z,true,0
29595262-8d69-493d-bbb4-060cacfe2e34,287524,tt14814040,Not Okay,2022,2022-12-13T06:55:56Z,,false,0
2878452f-7535-4c7a-9f11-d8e11b0085f6,1239,tt0465925,Brother Bear 2,2006,2022-11-01T20:18:34Z,2022-11-01T20:18:35Z,true,0
277b281e-ffff-4648-bbc0-2aea4a64290a,1258,tt1411697,The Hangover Part II,2011,2022-11-06T05:30:02Z,2022-11-06T05:30:02Z,true,0
276fa679-9b59-465b-92e7-ac03c8d3e009,347808,tt26255476,Batiment 5,2023,2023-12-16T18:27:52Z,2023-12-16T18:27:54Z,true,0
273dd872-0e2c-4d21-88ec-a409b80e66c8,10373,tt0243493,The Closet,2001,2023-04-01T19:04:56Z,2023-04-21T18:58:48Z,true,0
2497dab7-fcd2-4399-a398-9b7dd2ba3260,16877,tt7236034,I Want to Eat Your Pancreas,2019,2022-11-15T20:41:44Z,2022-11-15T20:41:45Z,true,0
245c0945-742d-4a2a-8c6a-136985b2d3ec,358417,tt32916440,Marty Supreme,2026,2026-03-01T18:44:51Z,2026-03-01T18:44:51Z,true,0
2355f5a2-058e-468c-931d-1da1849e83c3,133169,tt8368406,Vivarium,2020,2022-11-15T13:50:59Z,,false,0
22c3aac5-ff11-48e3-852c-b64a21ca9684,205,tt1485796,The Greatest Showman,2017,2022-11-15T20:38:17Z,2022-11-15T20:38:18Z,true,0
225db875-0f01-4d6b-ae26-d6fe5b2d41d3,411,tt1453405,Monsters University,2013,2022-11-06T05:30:06Z,2022-11-06T05:30:06Z,true,0
224918a8-3c7c-4bc2-804b-0d2c084d5e16,365227,tt35431236,L'Accident de Piano,2025,2025-07-16T12:08:25Z,2025-07-16T12:08:25Z,true,0
21c4b865-2041-4e77-bf42-387f82691eb7,2775,tt0358082,Robots,2005,2022-11-15T20:58:36Z,2022-11-15T20:58:37Z,true,0
217b7fd0-cae6-48bf-b430-b66443185509,573,tt0347149,Howl's Moving Castle,2004,2022-10-31T16:07:19Z,2022-10-31T16:07:19Z,true,2
2131acbc-7c3f-42f2-a702-533f176e9bed,4451,tt6788942,Bad Genius,2017,2024-04-09T09:41:39Z,2024-04-15T15:41:22Z,true,0
211906a7-f294-416e-ad04-6debf3e4ddc1,4748,tt0831888,Tekkonkinkreet,2006,2022-11-15T20:58:30Z,2022-11-15T20:58:31Z,true,0
20d59b32-7df9-43f0-b678-7d3d5db19e58,339956,tt4900148,Elio,2025,2025-07-16T12:10:13Z,2025-07-16T12:10:13Z,true,0
1f5a284a-cd0b-492a-bdd1-a10779fc4d6c,1466,tt0366548,Happy Feet,2006,2022-11-15T20:58:19Z,2022-11-15T20:58:20Z,true,0
1f49fe0f-f7c4-44b3-945a-f6d2eee30892,2599,tt4682266,The New Mutants,2020,2022-11-01T20:18:18Z,,false,0
1f117ad8-96e5-4ba1-bfff-87725beba767,751,tt0338013,Eternal Sunshine of the Spotless Mind,2004,2022-11-15T20:50:59Z,2022-11-15T20:50:59Z,true,0
1f0f3d13-b7e2-4842-b079-76d83b7e22d0,170,tt0892769,How to Train Your Dragon,2010,2022-11-01T20:25:59Z,2022-11-01T20:25:59Z,true,0
1dea4512-dc40-478f-967e-4268b9cd150e,64,tt0325980,Pirates of the Caribbean: The Curse of the Black Pearl,2003,2022-11-06T05:30:19Z,2022-11-06T05:30:19Z,true,0
1d660242-1776-46d1-8137-ab3ee8ba2c49,2616,tt0118694,In the Mood for Love,2001,2024-02-20T12:18:56Z,2025-02-21T07:24:07Z,true,0
1cc095b8-64b8-4709-9122-512d5e65ecb6,389,tt0993846,The Wolf of Wall Street,2014,2022-11-01T20:18:08Z,2022-11-01T20:18:09Z,true,0
1c7e689e-a973-4661-9c67-4b1752443bb6,20220,tt3281548,Little Women,2019,2024-02-04T21:25:40Z,,false,0
1be8d227-5d39-4561-8dfa-7520b8c51d0f,113,tt1375666,Inception,2010,2022-10-31T15:47:15Z,2022-10-31T15:47:15Z,true,0
1ae64cbd-12a7-4d8f-95d2-52846ea8969c,318458,,Journey to the Shore,2020,2025-06-26T19:34:50Z,2025-06-26T19:34:50Z,true,0
1982801e-02d8-48c9-9321-71f378128151,372,tt1911658,Penguins of Madagascar,2014,2022-11-15T20:57:50Z,2022-11-15T20:57:51Z,true,0
1828cbda-edee-4a09-af91-706a3fc6d2fd,340197,tt7510222,Despicable Me 4,2024,2024-08-08T21:48:33Z,2024-08-08T21:48:33Z,true,0
18287963-d49c-4f0d-a759-8fad9bcda7c9,353597,tt22408160,Kinds of Kindness,2024,2024-06-29T18:45:26Z,2024-06-29T18:45:26Z,true,0
17cba2ab-499c-41d5-b794-bd47304fb4f8,362210,tt27679443,Reading Lolita in Tehran,2024,2025-07-05T19:01:32Z,,false,0
17166ad6-831d-4bf6-ae37-8d49144075e1,350851,tt21188080,Lisa Frankenstein,2024,2024-02-24T19:55:08Z,2024-10-07T07:45:03Z,true,0
15da3646-58e8-4515-93a9-b0ffd34bd76a,341079,tt19768694,Nos cérémonies,2023,2023-05-30T21:38:44Z,2023-05-30T21:38:44Z,true,0
1533de7a-b620-4ce2-a72e-5f15ef96478d,534,tt0382932,Ratatouille,2007,2022-10-31T15:47:15Z,2022-10-31T15:47:15Z,true,0
15017f29-d16f-4141-9d04-04117b02c791,10792,tt1979376,Toy Story 4,2019,2022-10-31T15:50:24Z,2022-10-31T15:50:24Z,true,0
14f33354-bc8d-498c-88c7-942e6d0bddee,66,tt0241527,Harry Potter and the Philosopher's Stone,2001,2022-10-31T15:47:15Z,2022-10-31T15:47:15Z,true,0
14a63b04-c553-4e23-a9de-4fc8064176e9,448,tt0479952,Madagascar: Escape 2 Africa,2008,2022-11-01T18:49:25Z,2022-11-01T18:49:26Z,true,0
1498d90c-d706-4e1f-b351-c815fb774b46,769,tt1302011,Kung Fu Panda 2,2011,2022-11-01T20:21:56Z,2022-11-01T20:22:09Z,true,0
13b9af24-e494-423a-8d88-0f4f92b1d912,339734,tt13957560,Dumb Money,2023,2023-11-29T18:34:29Z,2023-11-29T18:34:29Z,true,0
139c9b2c-4b90-4eb9-ac90-ec69ea6d0bde,318317,tt14230388,Asteroid City,2023,2023-06-22T20:31:36Z,2023-07-04T06:15:15Z,true,0
13249f80-5a9e-4643-babe-38fc20e17d9e,339968,tt21192142,All of Us Strangers,2024,2024-02-21T07:27:52Z,2024-02-21T07:27:52Z,true,0
12ede706-0643-4e33-b7f9-472e3c91c9f5,3018,tt0032455,Fantasia,1946,2022-11-15T20:56:40Z,,false,0
12dc85e6-701e-4c10-8d16-87e0846ebf3d,144721,tt10298810,Lightyear,2022,2022-11-15T20:40:37Z,,false,0
1292f9f0-b43c-4108-b0d6-f188394de5a3,353390,tt26731970,All the Long Nights,2024,2026-02-02T11:57:06Z,2026-02-02T11:57:06Z,true,0
1283ca83-4771-4355-9491-91553fe475cd,894,tt5323662,A Silent Voice,2017,2022-11-06T22:10:17Z,2022-11-06T22:10:17Z,true,0
126c81a1-9815-4248-a11c-d16b295b7ac2,330830,tt11315808,Joker: Folie à Deux,2024,2024-10-09T16:13:08Z,2024-10-09T16:13:11Z,true,0
1225dec0-dc1f-443d-a87a-b6ae62bae81e,338238,tt20225374,Vesper,2022,2023-04-01T18:58:17Z,,false,0
11bf414d-8d46-4ac0-81ff-06fb65451823,33,tt4633694,Spider-Man: Into the Spider-Verse,2018,2022-11-06T22:11:16Z,2022-11-13T09:57:14Z,true,0
11446b3a-e487-4e9f-8000-a9bed7a7aaac,197,tt5311514,your name.,2016,2022-11-01T18:49:05Z,2022-11-01T18:49:06Z,true,0
113a6682-77e5-43f5-b451-cc39db1f7d2b,31110,tt9114286,Black Panther: Wakanda Forever,2022,2022-12-13T06:54:49Z,,false,0
1034c38f-2284-444e-a8eb-ac310ce61330,12668,tt1037850,Secret,2007,2023-12-05T09:02:26Z,,false,0
10067ffa-83b4-4f18-bc50-258bb09090a9,1747,tt0033467,Citizen Kane,1941,2023-12-31T11:49:12Z,,false,0
0e6c2239-8f76-43a2-9b54-eecbf41e1fcb,232,tt0363771,"The Chronicles of Narnia: The Lion, the Witch and the Wardrobe",2005,2022-11-06T05:30:43Z,2022-11-06T05:30:43Z,true,0
0e46a429-aa2b-4374-b0cc-711f6cb0313b,368725,tt35451642,Confidante,2025,2025-08-18T15:51:24Z,2025-08-18T15:51:24Z,true,0
0e18170a-cf5f-4652-afcc-d084a902c743,179,tt1690953,Despicable Me 2,2013,2022-11-15T20:56:20Z,2022-11-15T20:56:21Z,true,0
0d4a69f8-052a-438e-a02b-e4c855d87e26,947,tt0167404,The Sixth Sense,2000,2022-11-01T18:48:58Z,2022-11-01T18:48:59Z,true,0
0d35e5e7-bed0-44f8-9af4-7482997e54ec,918,tt0397892,Bolt,2009,2022-11-15T20:56:14Z,2022-11-15T20:56:15Z,true,0
0cc377a1-5ea7-44ac-9066-aae7be749396,981,tt0312004,Wallace & Gromit: The Curse of the Were-Rabbit,2005,2022-11-15T20:56:10Z,2022-11-15T20:56:11Z,true,0
0c7c7acc-d9c2-41b2-a855-42cf8c91a9e9,181,tt0417741,Harry Potter and the Half-Blood Prince,2009,2022-10-31T15:47:15Z,2022-10-31T15:47:15Z,true,0
0c6d4359-88ef-4d5d-9803-e2705bf2fb4f,1333,tt0093870,RoboCop,1987,2024-07-15T07:33:21Z,2024-07-15T07:33:21Z,true,0
0c55a247-fdb7-4117-8973-edb27786bde9,336306,tt15096128,Crush,2022,2022-11-01T20:15:43Z,,false,0
0c2975f5-e12c-4752-b0c8-aa46cf7c1397,276,tt0245429,Spirited Away,2003,2022-10-31T16:00:05Z,2022-10-31T16:00:05Z,true,1
0be8b8f5-1ded-4a66-ad5f-9a102bb52ecc,935,tt0119282,Hercules,1997,2022-11-01T18:48:41Z,2022-11-01T18:48:41Z,true,0
0bb12645-2313-4567-878d-6df4fbd8c910,3162,tt1196339,Princess Protection Program,2009,2023-11-13T19:55:18Z,2023-11-13T19:55:18Z,true,0
0b9d29a6-f16a-4bcb-9386-1684bba3947b,1367,tt6472976,Five Feet Apart,2019,2024-02-24T19:54:55Z,,false,0
0b81232e-1cd9-46aa-9ff4-d2b56836c67a,439,tt1259571,The Twilight Saga: New Moon,2009,2023-04-09T16:21:56Z,2023-04-09T16:21:56Z,true,1
0b72d5df-16fc-47cf-b307-0dd9f321b577,370,tt0876563,Ponyo,2009,2022-10-31T16:07:12Z,2022-10-31T16:07:12Z,true,0
0b31ef9e-e915-4e2e-a650-2674ea98d683,4115,tt1033643,What Happens in Vegas,2008,2024-06-07T15:52:50Z,2024-06-07T15:52:50Z,true,0
0af2fefc-53d8-4ce3-abf8-4783a91d0ef5,564,tt0367594,Charlie and the Chocolate Factory,2005,2022-10-31T15:47:15Z,2022-10-31T15:47:15Z,true,0
09e44282-8b6a-4747-9550-8445fc3f1dbf,9090,tt1473357,Fatal,2010,2025-09-18T20:07:34Z,2025-09-18T20:07:34Z,true,2
09465145-8214-4aa4-8053-52f4d8912c10,349885,tt28479262,Sing Sing,2025,2025-02-03T16:49:43Z,2025-02-03T16:49:43Z,true,0
08498a84-69a4-4940-9b76-e941955f4419,352346,tt19637052,Love Lies Bleeding,2024,2024-06-28T16:58:42Z,2024-06-28T16:58:42Z,true,0
081d881f-a5a8-4f6e-98f7-e3f58351137a,79608,tt6467266,Sing 2,2021,2022-11-01T20:17:09Z,,false,0
0796722a-aa1b-4cb1-90e7-cbcf579473a8,378,tt0120363,Toy Story 2,2000,2022-10-31T15:49:54Z,2022-10-31T15:49:54Z,true,0
0721fb3e-ef79-4a6d-ab3d-0cdd7a34e089,379,tt1324999,The Twilight Saga: Breaking Dawn - Part 1,2011,2023-04-12T19:20:00Z,2023-04-12T19:20:14Z,true,0
06dc7623-9f63-4864-bb1d-555318d184b0,198,tt4972582,Split,2017,2022-11-06T05:30:58Z,2022-11-06T05:30:58Z,true,0
065d1be0-052b-4ebc-a805-1c1b55168411,352045,tt29147289,Auction,2024,2024-06-01T15:43:38Z,2024-06-01T15:43:38Z,true,0
0491d71e-d719-4be7-9a87-9b4968e55c84,5488,tt2066051,Rocketman,2019,2022-11-06T22:16:12Z,,false,0
043ba8c4-f26c-49a4-b028-f8725dbd6aad,351227,tt29497075,RedLife,2023,2024-05-13T06:44:59Z,2024-05-13T06:44:59Z,true,0
041dd5fb-baa2-4a7d-a017-d004b605f700,74,tt0167260,The Lord of the Rings: The Return of the King,2003,2022-11-06T05:31:07Z,2022-11-06T05:31:07Z,true,0
03938bb2-029e-4edb-bec0-2ae0266a2376,355641,tt28607951,Anora,2024,2024-11-09T21:49:09Z,2024-11-09T21:49:09Z,true,0
033db5c6-3a13-46a7-b9fd-bf6af225ae3f,5911,tt5258850,See You Up There,2017,2023-01-05T11:16:22Z,,false,0
03152034-a8ec-4d40-a18c-9dd1cecec6fa,136578,tt6718170,The Super Mario Bros. Movie,2023,2024-01-21T14:36:27Z,2024-01-21T14:36:27Z,true,0
026f4082-af75-46d9-9b2a-b44bbab71cbf,223,tt0108052,Schindler's List,1994,2023-02-01T15:39:27Z,,false,0
02491330-2455-4652-a060-1142eb5ba5f9,1270,tt1568921,The Secret World of Arrietty,2012,2022-11-01T18:48:13Z,2022-11-01T18:48:14Z,true,0
0247115f-7654-4e6d-a108-23fd55bf6232,16612,tt1517268,Barbie,2023,2023-07-23T09:53:46Z,2023-07-23T09:53:46Z,true,0
01dba1e1-0d9f-488b-a0c3-779a72ef65bd,367427,tt37051267,L'Epreuve du feu,2025,2025-08-27T11:10:11Z,2025-08-27T11:10:11Z,true,0
01d4581e-5764-4597-aad9-46fadc47ae62,15778,tt1877830,The Batman,2022,2023-01-22T13:53:50Z,2023-01-22T13:53:50Z,true,0
018caed3-b0f6-4342-a4e4-500a28fe3fad,145454,tt2953050,Encanto,2021,2022-11-01T18:44:32Z,2022-11-01T18:44:32Z,true,0
0129b667-a32b-40fa-9c58-59cd06fd5cb3,134538,tt10329134,Your Name Engraved Herein,2020,2025-03-25T21:44:44Z,2025-03-25T21:44:44Z,true,0
00e84db8-d5fe-47c9-891d-07b87dc621e8,347720,tt16311594,F1,2025,2025-07-15T19:41:14Z,2025-07-15T19:41:14Z,true,0
00933248-92a9-47df-b5a8-5f95852ad76a,54383,tt5198068,Wolfwalkers,2021,2022-11-15T20:38:10Z,,false,0
00765f30-0696-4152-b2d7-9800556b02ae,895,tt3464902,The Lobster,2015,2022-11-01T18:48:08Z,2022-11-01T18:48:09Z,true,0
015a7974-a0d9-4d7a-b022-15e90e6b841c,3753,tt1287845,Kung Fu Panda : Les Secrets des 5 Cyclones,2008,2022-11-15T20:55:01Z,2022-11-15T20:55:01Z,true,0